PSMID,run,scan,PeakListFileName,ScanId,exp charge,exp m/z,exp mass,exp fractionalmass,match charge,match mass,match fractionalmass,Protein1,Name1,Description1,Decoy1,Protein2,Name2,Description2,Decoy2,PepSeq1,PepSeq2,PepPos1,PepPos2,PeptideLength1,PeptideLength2,LinkPos1,LinkPos2,ProteinLinkPos1,ProteinLinkPos2,Charge,Crosslinker,CrosslinkerModMass,RetentionTime,SVM.score,Score,score,Score,isDecoy,isTT,isTD,isDD,fdrGroup,fdr,ifdr,PEP,,PeptidePairFDR,Protein1FDR,Protein2FDR,LinkFDR,PPIFDR,peptide pair id,link id,ppi id,info
ProteinProspector2653,,3294,,,0,0,-0,0,4,0,0,P0AEH5,,Protein ElaB,false,P64581,P64581,Uncharacterized protein YqjD,false,MSNQFGDTR,MSKEHTTEHLR,1,1,9,11,0,0,,,4,,-1,15.184,3.68,49.9,3.68,3.68,false,true,false,false,Between > 4 NonCovalent,0,0,0,,0,0.152,0.109,,,0,,,
ProteinProspector2742,,3737,,,0,0,-0,0,4,0,0,P64581,,Uncharacterized protein YqjD,false,P0AEH5,P0AEH5,Protein ElaB,false,MSKEHTTEHLR,MSNQFGDTR,1,1,11,9,0,0,,,4,,-1,15.801,3.63,52.3,3.63,3.63,false,true,false,false,Between > 4 NonCovalent,0,0,0,,,0.109,0.152,,,,,,
ProteinProspector2936,,3746,,,0,0,-0,0,4,0,0,P64581,,Uncharacterized protein YqjD,false,P0AEH5,P0AEH5,Protein ElaB,false,MSKEHTTEHLR,MSNQFGDTR,1,1,11,9,0,0,,,4,,-1,15.783,3.52,54.5,3.52,3.52,false,true,false,false,Between > 4 NonCovalent,0,0,0,,,0.109,0.152,,,,,,
ProteinProspector3060,,3295,,,0,0,-0,0,4,0,0,P64581,,Uncharacterized protein YqjD,false,P0AEH5,P0AEH5,Protein ElaB,false,MSKEHTTEHLR,MSNQFGDTR,1,1,11,9,0,0,,,4,,-1,15.205,3.45,42.7,3.45,3.45,false,true,false,false,Between > 4 NonCovalent,0,0,0,,,0.109,0.152,,,,,,
ProteinProspector4196,,5162,,,0,0,-0,0,4,0,0,P64581,,Uncharacterized protein YqjD,false,P0AEH5,P0AEH5,Protein ElaB,false,MSKEHTTEHLR,MSNQFGDTR,1,1,11,9,0,0,,,4,,-1,22.839,2.95,40.6,2.95,2.95,false,true,false,false,Between > 4 NonCovalent,0,0,0,,,0.109,0.152,,,,,,
ProteinProspector4442,,5323,,,0,0,-0,0,4,0,0,P64581,,Uncharacterized protein YqjD,false,P0AEH5,P0AEH5,Protein ElaB,false,MSKEHTTEHLR,MSNQFGDTR,1,1,11,9,0,0,,,4,,-1,23.869,2.86,37.2,2.86,2.86,false,true,false,false,Between > 4 NonCovalent,0,0,0,,,0.109,0.152,,,,,,
ProteinProspector4475,,5186,,,0,0,-0,0,4,0,0,P0AEH5,,Protein ElaB,false,P64581,P64581,Uncharacterized protein YqjD,false,MSNQFGDTR,MSKEHTTEHLR,1,1,9,11,0,0,,,4,,-1,23.541,2.85,43.4,2.85,2.85,false,true,false,false,Between > 4 NonCovalent,0,0,0,,,0.152,0.109,,,,,,
ProteinProspector4546,,5158,,,0,0,-0,0,4,0,0,P64581,,Uncharacterized protein YqjD,false,P0AEH5,P0AEH5,Protein ElaB,false,MSKEHTTEHLR,MSNQFGDTR,1,1,11,9,0,0,,,4,,-1,22.775,2.83,38.1,2.83,2.83,false,true,false,false,Between > 4 NonCovalent,0,0,0,,,0.109,0.152,,,,,,
ProteinProspector5104,,3623,,,0,0,-0,0,4,0,0,P0AEH5,,Protein ElaB,false,P64581,P64581,Uncharacterized protein YqjD,false,MSNQFGDTR,MSKEHTTEHLR,1,1,9,11,0,0,,,4,,-1,16.563,2.65,28.6,2.65,2.65,false,true,false,false,Between > 4 NonCovalent,0,0,0,,,0.152,0.109,,,,,,
ProteinProspector5439,,5347,,,0,0,-0,0,4,0,0,P0AEH5,,Protein ElaB,false,P64581,P64581,Uncharacterized protein YqjD,false,MSNQFGDTR,MSKEHTTEHLR,1,1,9,11,0,0,,,4,,-1,24.046,2.55,28.1,2.55,2.55,false,true,false,false,Between > 4 NonCovalent,0,0,0,,,0.152,0.109,,,,,,
