PeptidePairID,PSMIDs,Protein1,Name1,Description1,Decoy1,Protein2,Name2,Description2,Decoy2,Peptide1,Peptide2,Start1,Start2,FromSite,ToSite,FromProteinSite,ToProteinSite,psmID,Crosslinker,Score,isDecoy,isTT,isTD,isDD,fdrGroup,fdr,ifdr,PEP,,Protein1FDR,Protein2FDR,LinkFDR,PPIFDR,,link id,ppi id,
307,OpenPepXL_279;OpenPepXL_284,P0A786,,,false,P0A7F3,P0A7F3,,false,TVHSLTQALAKFDGNR,ANDIALKC(Carbamidomethyl)K,168,130,10,6,177,135,TT - T - TVHSLTQALAKFDGNR xl T - ANDIALKC(Carbamidomethyl)K;TT - T - TVHSLTQALAKFDGNR xl T - ANDIALKC(Carbamidomethyl)K,,1.188,false,true,false,false,Between > 4 ,0,0,0.04,,0.157,0.077,0,0,,207,66,0.841
340,OpenPepXL_59;OpenPepXL_60,P68066,,,false,P09373,P09373,,false,ETLEDAVKHPEK,VMEGVKLENR,80,57,7,5,86,61,TT - T - ETLEDAVKHPEK xl T - VMEGVKLENR;TT - T - ETLEDAVKHPEK xl T - VMEGVKLENR,,1.155,false,true,false,false,Between > 4 ,0,0.004,0.042,,0.116,0.077,0,0,,20,316,0.829
319,OpenPepXL_290;OpenPepXL_289,P02358,,,false,P0AG67,P0AG67,,false,HAVTEASPMVKAK,VLKFDR,93,244,10,2,102,245,TT - T - HAVTEASPMVKAK xl T - VLKFDR;TT - T - HAVTEASPMVKAK xl T - VLKFDR,,1.145,false,true,false,false,Between > 4 ,0,0.005,0.043,,0.133,0.077,0,0,,332,311,0.82
151,OpenPepXL_310;OpenPepXL_6,P0A7V8,,,false,Q9NYP7,Q9NYP7,,false,EKPTWLEVDAGKMEGTFK,KGASR,165,256,11,0,175,,TT - T - EKPTWLEVDAGKMEGTFK xl T - KGASR;TT - T - EKPTWLEVDAGKMEGTFK xl T - KGASR,,1.108,false,true,false,false,Between > 4 ,0,0.01,0.045,,0.077,0.077,0,0,,196,180,0.795
163,OpenPepXL_253;OpenPepXL_139,P0A7Z4,,,false,Q46819,Q46819,,false,M(Oxidation)QGSVTEFLKPR,LKVQR,0,40,1,1,0,40,TT - T - M(Oxidation)QGSVTEFLKPR xl T - LKVQR;TT - T - M(Oxidation)QGSVTEFLKPR xl T - LKVQR,,1.104,false,true,false,false,Between > 4 ,0,0.01,0.045,,0.099,0.116,0,0,,330,88,0.789
61,OpenPepXL_283;OpenPepXL_357,P0A8T7,,,false,P0A8V2,P0A8V2,,false,IPQESGGTKDITGGLPR,GKTHSSGK,1123,161,8,1,1130,161,TT - T - IPQESGGTKDITGGLPR xl T - GKTHSSGK;TT - T - IPQESGGTKDITGGLPR xl T - GKTHSSGK,,1.098,false,true,false,false,Between > 4 ,0,0.011,0.05,,0.157,0.157,0,0,,329,38,0.811
14,OpenPepXL_233;OpenPepXL_345,P0A7R1,,,false,P0A7M2,P0A7M2,,false,RAELEAKLAEVLAAANAR,FWVESEKR,50,37,6,6,55,42,TT - T - RAELEAKLAEVLAAANAR xl T - FWVESEKR;TT - T - RAELEAKLAEVLAAANAR xl T - FWVESEKR,,1.096,false,true,false,false,Between > 4 ,0,0.011,0.05,,0.077,0.077,0,0,,328,298,0.796
47,OpenPepXL_303;OpenPepXL_48,P0A707,,,false,P0A7U3,P0A7U3,,false,VKDDLQELAVVESFPTKIEGR,GHAADKK,147,81,16,5,162,85,TT - T - VKDDLQELAVVESFPTKIEGR xl T - GHAADKK;TT - T - VKDDLQELAVVESFPTKIEGR xl T - GHAADKK,,1.09,false,true,false,false,Between > 4 ,0,0.012,0.056,,0.157,0.077,0,0,,327,304,0.774
117,OpenPepXL_146;OpenPepXL_145,P0AEH5,,,false,P64581,P64581,,false,SSGDPADQKYVELK,SKEELSKIR,26,31,8,6,33,36,TT - T - SSGDPADQKYVELK xl T - SKEELSKIR;TT - T - SSGDPADQKYVELK xl T - SKEELSKIR,,1.089,false,true,false,false,Between > 4 ,0,0.012,0.056,,0.116,0.116,0,0,,326,152,0.778
110,OpenPepXL_382;OpenPepXL_380,P0A9G6,,,false,P0A853,P0A853,,false,TDADAADLITSDC(Carbamidomethyl)DPYDSEFITGER,HFTAKLK,232,462,10,4,241,465,TT - T - TDADAADLITSDC(Carbamidomethyl)DPYDSEFITGER xl T - HFTAKLK;TT - T - TDADAADLITSDC(Carbamidomethyl)DPYDSEFITGER xl T - HFTAKLK,,1.088,false,true,false,false,Between > 4 ,0,0.012,0.056,,0.077,0.077,0,0,,325,226,0.779
36,OpenPepXL_415;OpenPepXL_414,P0A6Y1,,,false,P0A7S3,P0A7S3,,false,TGDKVELEGK,KPNSALRK,65,43,3,0,67,,TT - T - TGDKVELEGK xl T - KPNSALRK;TT - T - TGDKVELEGK xl T - KPNSALRK,,1.083,false,true,false,false,Between > 4 ,0,0.013,0.118,,0.167,0.157,0,0,,324,301,0.805
40,OpenPepXL_236;OpenPepXL_237,P0A6Y1,,,false,P0A6X7,P0A6X7,,false,TVEDAVKEMLEHMASTLAQGER,VVTFRPGQKLK,20,77,6,8,25,84,TT - T - TVEDAVKEMLEHMASTLAQGER xl T - VVTFRPGQKLK;TT - T - TVEDAVKEMLEHMASTLAQGER xl T - VVTFRPGQKLK,,1.083,false,true,false,false,Between > 4 ,0,0.013,0.188,,0.167,0.116,0,0,,323,122,0.803
13,OpenPepXL_240;OpenPepXL_221,P0A6X7,,,false,P0A6Y1,P0A6Y1,,false,VVTFRPGQKLK,MTKSELIER,77,0,8,2,84,1,TT - T - VVTFRPGQKLK xl T - MTKSELIER;TT - T - VVTFRPGQKLK xl T - MTKSELIER,,1.082,false,true,false,false,Between > 4 ,0,0.013,0.188,,0.116,0.167,0,0,,322,122,0.769
48,OpenPepXL_243;OpenPepXL_379,P0A7R1,,,false,P0A7M2,P0A7M2,,false,KNIEFFEAR,FWVESEKR,41,37,1,6,41,42,TT - T - KNIEFFEAR xl T - FWVESEKR;TT - T - KNIEFFEAR xl T - FWVESEKR,,1.08,false,true,false,false,Between > 4 ,0,0.013,0.188,,0.077,0.077,0,0,,321,298,0.794
79,OpenPepXL_134;OpenPepXL_133,P0A7K2,,,false,P0AG55,P0AG55,,false,GATGLGLKEAK,KLQLVGVGYR,74,85,7,0,80,,TT - T - GATGLGLKEAK xl T - KLQLVGVGYR;TT - T - GATGLGLKEAK xl T - KLQLVGVGYR,,1.071,false,true,false,false,Between > 4 ,0,0.015,0.188,,0.077,0.077,0,0,,320,44,0.766
42,OpenPepXL_410;OpenPepXL_409,P0A6Y1,,,false,P0A7L8,P0A7L8,,false,NPKTGDKVELEGK,KAGGSTR,62,4,2,0,63,,TT - T - NPKTGDKVELEGK xl T - KAGGSTR;TT - T - NPKTGDKVELEGK xl T - KAGGSTR,,1.042,false,true,false,false,Between > 4 ,0,0.018,0.188,,0.167,0.086,0,0,,319,294,0.745
29,OpenPepXL_306;OpenPepXL_53,P0AFF6,,,false,P0A8T7,P0A8T7,,false,KKYEQEIDVR,KMVER,36,398,1,0,36,,TT - T - KKYEQEIDVR xl T - KMVER;TT - T - KKYEQEIDVR xl T - KMVER,,1.036,false,true,false,false,Between > 4 ,0,0.019,0.188,,0.156,0.157,0,0,,318,293,0.743
27,OpenPepXL_174;OpenPepXL_173,P0AFA7,,,false,P0A853,P0A853,,false,EVLQQFDDQSRHQR,FAENAYFIKQR,277,230,9,8,285,237,TT - T - EVLQQFDDQSRHQR xl T - FAENAYFIKQR;TT - T - EVLQQFDDQSRHQR xl T - FAENAYFIKQR,,1.019,false,true,false,false,Between > 4 ,0,0.021,0.188,,0.149,0.077,0,0,,317,291,0.727
15,OpenPepXL_481;OpenPepXL_87,P11349,,,false,P07813,P07813,,false,ALKRMLAM(Oxidation)RHYK,LAKAPTDGEQDR,404,735,2,2,405,736,TT - T - ALKRMLAM(Oxidation)RHYK xl T - LAKAPTDGEQDR;TT - T - ALKRMLAM(Oxidation)RHYK xl T - LAKAPTDGEQDR,,0.903,false,true,false,false,Between > 4 ,0,0.035,0.188,,0.077,0.079,0,0,,316,290,0.675
474,OpenPepXL_241,P0ACF4,,,false,P0A7V3,P0A7V3,,false,NPQTGKEITIAAAK,KGEDVEKLR,61,79,5,6,65,84,TT - T - NPQTGKEITIAAAK xl T - KGEDVEKLR,,0.898,false,true,false,false,Between > 4 ,0,0.036,0.188,,0.116,0.13,0,0,,315,289,0.898
451,OpenPepXL_73,P0A7R1,,,false,P60422,P60422,,false,INALETVTIASKAGDEGK,SANIALVLYKDGER,71,87,11,9,81,95,TT - T - INALETVTIASKAGDEGK xl T - SANIALVLYKDGER,,0.87,false,true,false,false,Between > 4 ,0,0.039,0.188,,0.077,0.077,0,0,,314,246,0.87
409,OpenPepXL_29,decoy:sp|P61714|RISB_ECOLI,decoy:,decoy,true,P00961,P00961,,false,LVNIM(Oxidation)ELATLAAEAGK,TLDAAAALAAANKR,5,571,8,12,12,582,TD - D - LVNIM(Oxidation)ELATLAAEAGK xl T - TLDAAAALAAANKR,,0.865,true,false,true,false,Between > 4 ,0.04,0.074,0.188,,0.077,0.077,0.029,0.021,,313,287,0.865
464,OpenPepXL_95,P0A7T7,,,false,P02358,P02358,,false,DIATLKNYITESGK,HAVTEASPMVKAK,24,93,5,10,28,102,TT - T - DIATLKNYITESGK xl T - HAVTEASPMVKAK,,0.863,false,true,false,false,Between > 4 ,0.04,0.053,0.188,,0.077,0.133,0.029,0,,312,286,0.863
364,OpenPepXL_259,P61175,,,false,P0A7N4,P0A7N4,,false,KVSQALDILTYTNK,TSGEKHLR,27,32,1,4,27,35,TT - T - KVSQALDILTYTNK xl T - TSGEKHLR,,0.863,false,true,false,false,Between > 4 ,0.04,0.055,0.188,,0.077,0.123,0,0,,124,102,0.863
477,OpenPepXL_11,P0A8T7,,,false,P0A800,P0A800,,false,ITEYEKDANGELVAK,VTVQDAVEKIGNR,551,3,5,8,555,10,TT - T - ITEYEKDANGELVAK xl T - VTVQDAVEKIGNR,,0.862,false,true,false,false,Between > 4 ,0.04,0.058,0.188,,0.157,0.077,0.029,0.021,,310,285,0.862
476,OpenPepXL_72,P0A7V3,,,false,P0A7V0,P0A7V0,,false,GEILGGMAAVEQPEKPAAQPK,DLETQSQDGTFDKLTKK,204,115,14,12,217,126,TT - T - GEILGGMAAVEQPEKPAAQPK xl T - DLETQSQDGTFDKLTKK,,0.859,false,true,false,false,Between > 4 ,0.04,0.072,0.118,,0.13,0.116,0.029,0.021,,309,284,0.859
392,OpenPepXL_84,P23538,,,false,decoy:sp|A6NF83|NUPR2_HUMAN,decoy:sp|A6NF83|NUPR2_HUMAN,decoy,true,DC(Carbamidomethyl)FALEC(Carbamidomethyl)EAVKR,QAVKR,619,23,10,3,628,25,TD - T - DC(Carbamidomethyl)FALEC(Carbamidomethyl)EAVKR xl D - QAVKR,,0.859,true,false,true,false,Between > 4 ,0.075,0.065,0.118,,0.077,0.077,0.057,0.042,,308,283,0.859
473,OpenPepXL_318,P0A6Z1,,,false,decoy:sp|Q6DD88|ATLA3_HUMAN,decoy:sp|Q6DD88|ATLA3_HUMAN,decoy,true,TNAALDTANTISSVKR,QSYLYR,71,454,14,4,84,457,TD - T - TNAALDTANTISSVKR xl D - QSYLYR,,0.856,true,false,true,false,Between > 4 ,0.075,0.076,0.188,,0.077,0.077,0.067,0.056,,307,282,0.856
442,OpenPepXL_223,P60422,,,false,P0ACF0,P0ACF0,,false,SANIALVLYKDGER,NPQTGKEIK,87,61,9,5,95,65,TT - T - SANIALVLYKDGER xl T - NPQTGKEIK,,0.855,false,true,false,false,Between > 4 ,0.075,0.075,0.188,,0.077,0.077,0,0,,127,72,0.855
388,OpenPepXL_103,P0AES4,,,false,P0AES6,P0AES6,,false,AEVEVDAKTGR,KNQAILPLK,245,438,7,0,251,,TT - T - AEVEVDAKTGR xl T - KNQAILPLK,,0.855,false,true,false,false,Between > 4 ,0.075,0.075,0.188,,0.077,0.077,0.067,0.056,,305,281,0.855
470,OpenPepXL_255,P0A7R9,,,false,P02359,P02359,,false,KSTPFAAQVAAER,MAEANKAFAHYR,56,143,1,5,56,147,TT - T - KSTPFAAQVAAER xl T - MAEANKAFAHYR,,0.853,false,true,false,false,Between > 4 ,0.075,0.076,0.188,,0.077,0.079,0.067,0.056,,304,280,0.853
299,OpenPepXL_250,P0AG55,,,false,P0A7K2,P0A7K2,,false,KLQLVGVGYR,VAVIKAVR,85,66,1,4,85,69,TT - T - KLQLVGVGYR xl T - VAVIKAVR,,0.853,false,true,false,false,Between > 4 ,0.075,0.076,0.118,,0.077,0.077,0.067,0,,303,44,0.853
466,OpenPepXL_227,P0A7N4,,,false,P0AG44,P0AG44,,false,SHDALTAVTSLSVDKTSGEK,SEKAEAAAE,17,118,14,2,30,119,TT - T - SHDALTAVTSLSVDKTSGEK xl T - SEKAEAAAE,,0.849,false,true,false,false,Between > 4 ,0.075,0.077,0.048,,0.123,0.166,0.067,0,,302,114,0.849
465,OpenPepXL_166,P0A7N4,,,false,P0AG44,P0AG44,,false,SHDALTAVTSLSVDKTSGEK,SEKAEAAAE,17,118,15,2,31,119,TT - T - SHDALTAVTSLSVDKTSGEK xl T - SEKAEAAAE,,0.847,false,true,false,false,Between > 4 ,0.075,0.078,0.05,,0.123,0.166,0.067,0,,301,114,0.847
462,OpenPepXL_186,P0ACF4,,,false,P0ACF0,P0ACF0,,false,NPQTGKEITIAAAK,NPQTGKEIK,61,61,5,5,65,65,TT - T - NPQTGKEITIAAAK xl T - NPQTGKEIK,,0.845,false,true,false,false,Between > 4 ,0.075,0.079,0.053,,0.116,0.077,0,0,,49,310,0.845
461,OpenPepXL_1,Q8TEA8,,,false,P00961,P00961,,false,GIC(Carbamidomethyl)VLLGISLEDTQK,TLDAAAALAAANKR,25,571,8,12,32,582,TT - T - GIC(Carbamidomethyl)VLLGISLEDTQK xl T - TLDAAAALAAANKR,,0.842,false,true,false,false,Between > 4 ,0.075,0.079,0.056,,0.157,0.077,0.067,0.056,,299,276,0.842
76,OpenPepXL_294,P0AG67,,,false,P0A7V0,P0A7V0,,false,MTESFAQLFEESLK,DMLKAGVHFGHQTR,0,7,1,3,0,9,TT - T - MTESFAQLFEESLK xl T - DMLKAGVHFGHQTR,,0.838,false,true,false,false,Between > 4 ,0.075,0.081,0.118,,0.077,0.116,0,0,,28,318,0.838
418,OpenPepXL_160,P00961,,,false,Q9HCJ2,Q9HCJ2,,false,TLDAAAALAAANKR,LWM(Oxidation)IQSQIQVIER,571,247,12,5,582,251,TT - T - TLDAAAALAAANKR xl T - LWM(Oxidation)IQSQIQVIER,,0.837,false,true,false,false,Between > 4 ,0.075,0.081,0.118,,0.077,0.077,0.067,0.056,,297,275,0.837
453,OpenPepXL_225,P0A800,,,false,P0A7Z4,P0A7Z4,,false,VTVQDAVEKIGNR,KSLTEIK,3,297,8,0,10,,TT - T - VTVQDAVEKIGNR xl T - KSLTEIK,,0.837,false,true,false,false,Between > 4 ,0.075,0.081,0.118,,0.077,0.099,0.067,0.056,,296,274,0.837
455,OpenPepXL_96,P0AFD6,,,false,P0A853,P0A853,,false,MYPEEPVYLPPRYR,FAENAYFIKQR,31,230,12,8,42,237,TT - T - MYPEEPVYLPPRYR xl T - FAENAYFIKQR,,0.836,false,true,false,false,Between > 4 ,0.075,0.081,0.118,,0.17,0.077,0.067,0.056,,295,273,0.836
94,OpenPepXL_388,P0AGE9,,,false,P0A836,P0A836,,false,EHVTKPVVGYIAGVTAPKGK,MNLHEYQAK,223,0,17,0,239,,TT - T - EHVTKPVVGYIAGVTAPKGK xl T - MNLHEYQAK,,0.835,false,true,false,false,Between > 4 ,0.075,0.082,0.118,,0.077,0.166,0,0,,269,296,0.835
380,OpenPepXL_275,P0A7T7,,,false,P02358,P02358,,false,DIATLKNYITESGK,AKDERR,24,104,5,1,28,104,TT - T - DIATLKNYITESGK xl T - AKDERR,,0.833,false,true,false,false,Between > 4 ,0.075,0.083,0.118,,0.077,0.133,0,0,,221,286,0.833
447,OpenPepXL_71,P0A7R1,,,false,P60422,P60422,,false,INALETVTIASKAGDEGK,KVEADC(Carbamidomethyl)R,71,182,11,0,81,,TT - T - INALETVTIASKAGDEGK xl T - KVEADC(Carbamidomethyl)R,,0.831,false,true,false,false,Between > 4 ,0.075,0.083,0.118,,0.077,0.077,0.067,0,,292,246,0.831
446,OpenPepXL_80,decoy:sp|O15389|SIGL5_HUMAN,decoy:,decoy,true,P0A853,P0A853,,false,WC(Carbamidomethyl)LSPAPRARFSC(Carbamidomethyl)R,FAENAYFIKQR,186,230,11,8,196,237,TD - D - WC(Carbamidomethyl)LSPAPRARFSC(Carbamidomethyl)R xl T - FAENAYFIKQR,,0.83,true,false,true,false,Between > 4 ,0.083,0.089,0.118,,0.161,0.077,0.075,0.068,,291,271,0.83
445,OpenPepXL_93,P0ACF4,,,false,P0A7U3,P0A7U3,,false,SQLIDKIAAGADISK,AVESGDKKPLR,3,21,5,7,7,27,TT - T - SQLIDKIAAGADISK xl T - AVESGDKKPLR,,0.83,false,true,false,false,Between > 4 ,0.083,0.083,0.118,,0.116,0.077,0.075,0,,290,74,0.83
440,OpenPepXL_216,P0A8V2,,,false,P0A8T7,P0A8T7,,false,ASDVKDSSLR,TFKPER,909,47,4,2,912,48,TT - T - ASDVKDSSLR xl T - TFKPER,,0.829,false,true,false,false,Between > 4 ,0.083,0.085,0.188,,0.157,0.157,0.075,0,,289,38,0.829
439,OpenPepXL_12,P0A6P1,,,false,P0A8V2,P0A8V2,,false,EYQVQLDIAMQSGKPK,EEIEGSGILSK,193,411,13,9,205,419,TT - T - EYQVQLDIAMQSGKPK xl T - EEIEGSGILSK,,0.828,false,true,false,false,Between > 4 ,0.083,0.086,0.188,,0.157,0.157,0.075,0.068,,288,268,0.828
438,OpenPepXL_83,P75792,,,false,P0A836,P0A836,,false,M(Oxidation)SVKVIVTDM(Oxidation)DGTFLNDAK,MNLHEYQAK,0,0,12,0,11,,TT - T - M(Oxidation)SVKVIVTDM(Oxidation)DGTFLNDAK xl T - MNLHEYQAK,,0.827,false,true,false,false,Between > 4 ,0.083,0.087,0.188,,0.099,0.166,0.075,0.068,,287,267,0.827
357,OpenPepXL_439,P0A8V2,,,false,P0A7Z4,P0A7Z4,,false,INAMLKQQQEVAK,LVDIEQVSSTHAK,1127,12,5,7,1131,18,TT - T - INAMLKQQQEVAK xl T - LVDIEQVSSTHAK,,0.826,false,true,false,false,Between > 4 ,0.083,0.089,0.188,,0.157,0.099,0.075,0,,286,248,0.826
239,OpenPepXL_402,P0AB14,,,false,P0A853,P0A853,,false,TDKDSLFWGEQTIER,FAENAYFIKQR,57,230,4,8,60,237,TT - T - TDKDSLFWGEQTIER xl T - FAENAYFIKQR,,0.825,false,true,false,false,Between > 4 ,0.083,0.091,0.235,,0.098,0.077,0.075,0.068,,285,265,0.825
433,OpenPepXL_17,Q00888,,,false,P0A853,P0A853,,false,ENKDVLTFTC(Carbamidomethyl)EPKSK,FAENAYFIKQR,252,230,13,8,264,237,TT - T - ENKDVLTFTC(Carbamidomethyl)EPKSK xl T - FAENAYFIKQR,,0.825,false,true,false,false,Between > 4 ,0.083,0.091,0.222,,0.116,0.077,0.075,0.068,,284,264,0.825
271,OpenPepXL_114,P0ACF0,,,false,P0A7U3,P0A7U3,,false,NPQTGKEIK,GHAADKK,61,81,5,5,65,85,TT - T - NPQTGKEIK xl T - GHAADKK,,0.824,false,true,false,false,Between > 4 ,0.083,0.092,0.2,,0.077,0.077,0.075,0.068,,283,263,0.824
429,OpenPepXL_69,decoy:sp|P09546|PUTA_ECOLI,decoy:,decoy,true,P0C0V0,P0C0V0,,false,ILPEGSKGIIRNLSR,NLTSQMVEYGQVKR,1076,274,13,12,1088,285,TD - D - ILPEGSKGIIRNLSR xl T - NLTSQMVEYGQVKR,,0.824,true,false,true,false,Between > 4 ,0.092,0.089,0.2,,0.121,0.077,0.085,0.079,,282,262,0.824
428,OpenPepXL_404,P0CG19,,,false,P0A853,P0A853,,false,GQGQGWITAEYGMLPR,FAENAYFIKQR,52,230,10,8,61,237,TT - T - GQGQGWITAEYGMLPR xl T - FAENAYFIKQR,,0.824,false,true,false,false,Between > 4 ,0.092,0.092,0.19,,0.077,0.077,0.085,0.079,,281,261,0.824
427,OpenPepXL_16,P45472,,,false,P00961,P00961,,false,GKGELTLVFSAPVGDR,TLDAAAALAAANKR,41,571,1,12,41,582,TT - T - GKGELTLVFSAPVGDR xl T - TLDAAAALAAANKR,,0.824,false,true,false,false,Between > 4 ,0.092,0.092,0.143,,0.077,0.077,0.085,0.079,,280,260,0.824
397,OpenPepXL_105,P0A7T7,,,false,P68679,P68679,,false,NYITESGKIVPSR,SC(Carbamidomethyl)EKAGVLAEVR,30,21,7,3,36,23,TT - T - NYITESGKIVPSR xl T - SC(Carbamidomethyl)EKAGVLAEVR,,0.824,false,true,false,false,Between > 4 ,0.092,0.092,0.136,,0.077,0.077,0.085,0.079,,279,259,0.824
341,OpenPepXL_149,P63284,,,false,P0A853,P0A853,,false,RLDM(Oxidation)LNEELSDKER,FAENAYFIKQR,439,230,9,8,447,237,TT - T - RLDM(Oxidation)LNEELSDKER xl T - FAENAYFIKQR,,0.824,false,true,false,false,Between > 4 ,0.092,0.092,0.136,,0.077,0.077,0.085,0,,278,196,0.824
257,OpenPepXL_452,P0A6X7,,,false,P0A6Y1,P0A6Y1,,false,NPKTGEDIPITAR,YVPHFKPGK,63,75,2,5,64,79,TT - T - NPKTGEDIPITAR xl T - YVPHFKPGK,,0.823,false,true,false,false,Between > 4 ,0.092,0.092,0.13,,0.116,0.167,0.085,0,,277,122,0.823
420,OpenPepXL_102,P0ABB0,,,false,P0ABA6,P0ABA6,,false,KQLDHGQK,KSQDR,418,33,1,0,418,,TT - T - KQLDHGQK xl T - KSQDR,,0.822,false,true,false,false,Between > 4 ,0.092,0.092,0.182,,0.116,0.151,0.085,0.079,,276,256,0.822
416,OpenPepXL_70,decoy:sp|P64612|ZAPE_ECOLI,decoy:,decoy,true,P00961,P00961,,false,KGGALALWLKDM(Oxidation)QAR,TLDAAAALAAANKR,128,571,9,12,136,582,TD - D - KGGALALWLKDM(Oxidation)QAR xl T - TLDAAAALAAANKR,,0.821,true,false,true,false,Between > 4 ,0.092,0.092,0.227,,0.077,0.077,0.097,0.095,,275,255,0.821
414,OpenPepXL_144,P0AFG6,,,false,P0A9P0,P0A9P0,,false,SEEKASTPAQR,LIFDKESHR,90,398,3,4,92,401,TT - T - SEEKASTPAQR xl T - LIFDKESHR,,0.82,false,true,false,false,Between > 4 ,0.092,0.092,0.217,,0.077,0.167,0.097,0,,274,115,0.82
413,OpenPepXL_441,P60422,,,false,decoy:sp|Q96L15|NAR5_HUMAN,decoy:sp|Q96L15|NAR5_HUMAN,decoy,true,SANIALVLYKDGER,KPEFR,87,121,9,0,95,,TD - T - SANIALVLYKDGER xl D - KPEFR,,0.82,true,false,true,false,Between > 4 ,0.092,0.092,0.217,,0.077,0.13,0.097,0.104,,273,253,0.82
412,OpenPepXL_108,P47972,,,false,P00961,P00961,,false,ELTGKLARC(Carbamidomethyl)EGLAGGK,TLDAAAALAAANKR,85,571,4,12,88,582,TT - T - ELTGKLARC(Carbamidomethyl)EGLAGGK xl T - TLDAAAALAAANKR,,0.82,false,true,false,false,Between > 4 ,0.092,0.092,0.304,,0.116,0.077,0.097,0.104,,272,252,0.82
410,OpenPepXL_401,P0AG67,,,false,P0A7V0,P0A7V0,,false,M(Oxidation)TESFAQLFEESLK,DMLKAGVHFGHQTR,0,7,1,3,0,9,TT - T - M(Oxidation)TESFAQLFEESLK xl T - DMLKAGVHFGHQTR,,0.819,false,true,false,false,Between > 4 ,0.092,0.092,0.348,,0.077,0.116,0,0,,28,318,0.819
267,OpenPepXL_331,P0A7J3,,,false,P0A7K2,P0A7K2,,false,ANAKFEVK,VAVIKAVR,101,66,3,4,103,69,TT - T - ANAKFEVK xl T - VAVIKAVR,,0.819,false,true,false,false,Between > 4 ,0.092,0.092,0.364,,0.166,0.077,0.097,0,,270,62,0.819
195,OpenPepXL_365,P0AGE9,,,false,P0A836,P0A836,,false,EHVTKPVVGYIAGVTAPKGK,M(Oxidation)NLHEYQAK,223,0,17,0,239,,TT - T - EHVTKPVVGYIAGVTAPKGK xl T - M(Oxidation)NLHEYQAK,,0.819,false,true,false,false,Between > 4 ,0.092,0.092,0.381,,0.077,0.166,0,0,,269,296,0.819
405,OpenPepXL_341,P0AG67,,,false,P0A7R9,P0A7R9,,false,VKHPSEIVNVGDEITVK,EYGIKNLEVMVK,227,75,1,4,227,78,TT - T - VKHPSEIVNVGDEITVK xl T - EYGIKNLEVMVK,,0.819,false,true,false,false,Between > 4 ,0.092,0.092,0.381,,0.077,0.077,0,0,,21,101,0.819
404,OpenPepXL_256,P21179,,,false,Q5VWZ2,Q5VWZ2,,false,GSAAHGYFQPYKSLSDITK,SYTPM(Oxidation)K,130,64,11,0,140,,TT - T - GSAAHGYFQPYKSLSDITK xl T - SYTPM(Oxidation)K,,0.818,false,true,false,false,Between > 4 ,0.092,0.092,0.333,,0.077,0.077,0.097,0.104,,267,250,0.818
401,OpenPepXL_20,P0A7B3,,,false,P0A853,P0A853,,false,M(Oxidation)NNHFKC(Carbamidomethyl)IGIVGHPR,FAENAYFIKQR,0,230,5,8,4,237,TT - T - M(Oxidation)NNHFKC(Carbamidomethyl)IGIVGHPR xl T - FAENAYFIKQR,,0.818,false,true,false,false,Between > 4 ,0.092,0.092,0.35,,0.077,0.077,0.097,0.104,,266,249,0.818
400,OpenPepXL_154,P0A7Z4,,,false,P0A8V2,P0A8V2,,false,LVDIEQVSSTHAKVTLEPLER,INAMLKQQQEVAK,12,1127,12,5,23,1131,TT - T - LVDIEQVSSTHAKVTLEPLER xl T - INAMLKQQQEVAK,,0.818,false,true,false,false,Between > 4 ,0.092,0.092,0.35,,0.099,0.157,0.097,0,,265,248,0.818
399,OpenPepXL_113,P0ACF4,,,false,P0A7S3,P0A7S3,,false,NPQTGKEITIAAAK,GALDC(Carbamidomethyl)SGVKDRK,61,99,5,8,65,106,TT - T - NPQTGKEITIAAAK xl T - GALDC(Carbamidomethyl)SGVKDRK,,0.818,false,true,false,false,Between > 4 ,0.092,0.092,0.368,,0.116,0.157,0.097,0.104,,264,247,0.818
152,OpenPepXL_214,P0A7R1,,,false,P60422,P60422,,false,AGDEGKLFGSIGTR,KVEADC(Carbamidomethyl)R,83,182,5,0,87,,TT - T - AGDEGKLFGSIGTR xl T - KVEADC(Carbamidomethyl)R,,0.817,false,true,false,false,Between > 4 ,0.092,0.092,0.368,,0.077,0.077,0.097,0,,263,246,0.817
396,OpenPepXL_78,P22256,,,false,decoy:sp|Q5SWH9|TMM69_HUMAN,decoy:sp|Q5SWH9|TMM69_HUMAN,decoy,true,VVAAVEAQLKK,ALLAQKQQKK,61,166,9,8,69,173,TD - T - VVAAVEAQLKK xl D - ALLAQKQQKK,,0.816,true,false,true,false,Between > 4 ,0.092,0.092,0.318,,0.151,0.079,0.097,0.118,,262,245,0.816
395,OpenPepXL_336,P0A6X7,,,false,P62399,P62399,,false,SRVENASPKDE,SVAGFKIR,88,72,8,5,95,76,TT - T - SRVENASPKDE xl T - SVAGFKIR,,0.816,false,true,false,false,Between > 4 ,0.092,0.092,0.333,,0.116,0.077,0.097,0.118,,261,244,0.816
394,OpenPepXL_118,decoy:sp|P0ABC3|HFLC_ECOLI,decoy:,decoy,true,P0A853,P0A853,,false,EAEALTRTVEYDATAR,FAENAYFIKQR,69,230,13,8,81,237,TD - D - EAEALTRTVEYDATAR xl T - FAENAYFIKQR,,0.816,true,false,true,false,Between > 4 ,0.092,0.092,0.333,,0.077,0.077,0.097,0.119,,260,243,0.816
393,OpenPepXL_148,P0ABC3,,,false,P0A853,P0A853,,false,ATADYEVTRTLAEAER,FAENAYFIKQR,250,230,9,8,258,237,TT - T - ATADYEVTRTLAEAER xl T - FAENAYFIKQR,,0.815,false,true,false,false,Between > 4 ,0.092,0.092,0.273,,0.116,0.077,0.097,0.119,,259,242,0.815
391,OpenPepXL_157,P0A8V2,,,false,P0A8T7,P0A8T7,,false,SPGVFFDSDKGK,KGLADTALK,151,780,9,0,159,,TT - T - SPGVFFDSDKGK xl T - KGLADTALK,,0.815,false,true,false,false,Between > 4 ,0.092,0.092,0.261,,0.157,0.157,0.097,0,,258,38,0.815
390,OpenPepXL_315,P0C0V0,,,false,decoy:sp|P39342|YJGR_ECOLI,decoy:sp|P39342|YJGR_ECOLI,decoy,true,NLTSQMVEYGQVKR,EVVSPSGK,274,124,12,5,285,128,TD - T - NLTSQMVEYGQVKR xl D - EVVSPSGK,,0.814,true,false,true,false,Between > 4 ,0.092,0.092,0.28,,0.077,0.166,0.097,0.119,,257,240,0.814
389,OpenPepXL_117,decoy:sp|P42601|ALX_ECOLI,decoy:,decoy,true,P0A853,P0A853,,false,RVFFHENDITDTM(Oxidation)R,FAENAYFIKQR,126,230,9,8,134,237,TD - D - RVFFHENDITDTM(Oxidation)R xl T - FAENAYFIKQR,,0.814,true,false,true,false,Between > 4 ,0.092,0.092,0.269,,0.157,0.077,0.097,0.119,,256,239,0.814
387,OpenPepXL_14,decoy:sp|P75783|YBIO_ECOLI,decoy:,decoy,true,P0A836,P0A836,,false,IEENEMLEAVADKLAQNAK,MNLHEYQAK,82,0,12,0,93,,TD - D - IEENEMLEAVADKLAQNAK xl T - MNLHEYQAK,,0.814,true,false,true,false,Between > 4 ,0.092,0.092,0.276,,0.077,0.166,0.097,0.119,,255,238,0.814
386,OpenPepXL_151,P0A7T7,,,false,P0A7G2,P0A7G2,,false,NYITESGKIVPSR,EIKDPR,30,25,7,2,36,26,TT - T - NYITESGKIVPSR xl T - EIKDPR,,0.813,false,true,false,false,Between > 4 ,0.092,0.092,0.346,,0.077,0.116,0.097,0.119,,254,237,0.813
383,OpenPepXL_286,P69908,,,false,P0A6Y8,P0A6Y8,,false,AISTIAESKR,DKNSGKEQK,21,489,8,5,28,493,TT - T - AISTIAESKR xl T - DKNSGKEQK,,0.812,false,true,false,false,Between > 4 ,0.092,0.092,0.385,,0.157,0.117,0.097,0.119,,253,236,0.812
375,OpenPepXL_170,P0AFF6,,,false,P0A7Z4,P0A7Z4,,false,KYEQEIDVR,KSLTEIK,37,297,1,0,37,,TT - T - KYEQEIDVR xl T - KSLTEIK,,0.812,false,true,false,false,Between > 4 ,0.092,0.092,0.357,,0.156,0.099,0.097,0,,252,43,0.812
381,OpenPepXL_162,Q8N8R3,,,false,P07118,P07118,,false,LQVQSVEKPQYR,APEAVIAKER,28,918,10,7,37,924,TT - T - LQVQSVEKPQYR xl T - APEAVIAKER,,0.812,false,true,false,false,Between > 4 ,0.092,0.092,0.37,,0.079,0.13,0.097,0.119,,251,234,0.812
378,OpenPepXL_107,P0A7T7,,,false,P49450;P25116,P49450;P25116,;,false,DIATLKNYITESGK,M(Oxidation)GPRR,24,0;0,5,0,28,,TT - T - DIATLKNYITESGK xl T - M(Oxidation)GPRR,,0.811,false,true,false,false,Between > 4 ,0.092,0.092,0.357,,0.077,0.082,0.097,0.119,,250,233,0.811
141,OpenPepXL_40,P0A7L8,,,false,P0C018,P0C018,,false,DHTLFAKADGK,KLQELGATR,55,16,6,0,60,,TT - T - DHTLFAKADGK xl T - KLQELGATR,,0.811,false,true,false,false,Between > 4 ,0.092,0.092,0.345,,0.086,0.121,0.097,0.119,,249,232,0.811
376,OpenPepXL_271,Q30KQ9,,,false,P0A853,P0A853,,false,YPEYGSLDLRREC(Carbamidomethyl)R,FAENAYFIKQR,22,230,1,8,22,237,TT - T - YPEYGSLDLRREC(Carbamidomethyl)R xl T - FAENAYFIKQR,,0.811,false,true,false,false,Between > 4 ,0.092,0.092,0.345,,0.079,0.077,0.097,0.119,,248,231,0.811
56,OpenPepXL_459,P0A6G7;Q32MQ0;P11458,;;,;;,false,P20592,P20592,,false,LLKER,ILKER,36;2;35,690,2,2,37;3;36,691,TT - T - ILKER xl T - LLKER,,0.81,false,true,false,false,Between > 4 ,0.092,0.092,0.286,,0.077,0.151,0.097,0.119,,247,230,0.81
371,OpenPepXL_457,P09373,,,false,P29745,P29745,,false,KTGNTPDGR,KQFEAR,615,284,1,0,615,,TT - T - KTGNTPDGR xl T - KQFEAR,,0.809,false,true,false,false,Between > 4 ,0.092,0.092,0.321,,0.077,0.082,0.097,0.119,,246,229,0.809
246,OpenPepXL_206,P09373,,,false,Q9Y597;A6NEV1,Q9Y597;A6NEV1,;,false,LATAWEGFTKGDWQNEVNVR,M(Oxidation)GSRPR,7,546;0,9,0,15,,TT - T - LATAWEGFTKGDWQNEVNVR xl T - M(Oxidation)GSRPR,,0.809,false,true,false,false,Between > 4 ,0.092,0.092,0.321,,0.077,0.123,0.097,0.119,,245,228,0.809
369,OpenPepXL_125,P0A705,,,false,P0A7S3,P0A7S3,,false,NAKAARPK,KPNSALR,255,43,2,0,256,,TT - T - NAKAARPK xl T - KPNSALR,,0.809,false,true,false,false,Between > 4 ,0.092,0.092,0.321,,0.077,0.157,0.097,0,,244,138,0.809
317,OpenPepXL_25,P0A9G6,,,false,P0A853,P0A853,,false,LLHGESKK,HFTAKLK,55,462,6,4,60,465,TT - T - LLHGESKK xl T - HFTAKLK,,0.809,false,true,false,false,Between > 4 ,0.092,0.092,0.321,,0.077,0.077,0.097,0,,243,226,0.809
367,OpenPepXL_28,P15034,,,false,decoy:sp|P63313|TYB10_HUMAN,decoy:sp|P63313|TYB10_HUMAN,decoy,true,DGDLVLIDAGC(Carbamidomethyl)EYKGYAGDITR,SIESR,253,0,13,0,265,,TD - T - DGDLVLIDAGC(Carbamidomethyl)EYKGYAGDITR xl D - SIESR,,0.809,true,false,true,false,Between > 4 ,0.092,0.092,0.321,,0.117,0.17,0.097,0.119,,242,225,0.809
365,OpenPepXL_15,decoy:sp|P50053|KHK_HUMAN,decoy:,decoy,true,P0A836,P0A836,,false,EFDTASVDPLSTDHLVITR,MNLHEYQAK,172,0,17,0,188,,TD - D - EFDTASVDPLSTDHLVITR xl T - MNLHEYQAK,,0.809,true,false,true,false,Between > 4 ,0.092,0.092,0.321,,0.098,0.166,0.097,0.119,,241,224,0.809
362,OpenPepXL_448,P0A7V8,,,false,Q01449,Q01449,,false,VKAALELAEQR,KAGTR,154,4,1,0,154,,TT - T - VKAALELAEQR xl T - KAGTR,,0.808,false,true,false,false,Between > 4 ,0.092,0.092,0.286,,0.077,0.116,0.097,0,,240,34,0.808
360,OpenPepXL_92,P0A7V0,,,false,Q6AI08,Q6AI08,,false,DLETQSQDGTFDKLTK,KSKVKPK,115,317,12,4,126,320,TT - T - DLETQSQDGTFDKLTK xl T - KSKVKPK,,0.808,false,true,false,false,Between > 4 ,0.092,0.092,0.233,,0.116,0.077,0.097,0.119,,239,222,0.808
262,OpenPepXL_356,P68191,,,false,P62875,P62875,,false,IVTEGDKSSVVNNPTGR,MIIPVR,22,0,6,0,27,,TT - T - IVTEGDKSSVVNNPTGR xl T - MIIPVR,,0.808,false,true,false,false,Between > 4 ,0.092,0.092,0.233,,0.166,0.116,0.097,0.119,,238,221,0.808
358,OpenPepXL_26,P00968,,,false,decoy:sp|P76147|DGCF_ECOLI,decoy:sp|P76147|DGCF_ECOLI,decoy,true,GVIVQYGGQTPLKLAR,NFDDTLTLYSAR,636,31,12,9,647,39,TD - T - GVIVQYGGQTPLKLAR xl D - NFDDTLTLYSAR,,0.808,true,false,true,false,Between > 4 ,0.092,0.092,0.233,,0.077,0.116,0.097,0.119,,237,220,0.808
356,OpenPepXL_242,P0A853,,,false,P42909,P42909,,false,EAEYKDWTIEQITR,FIKQR,241,134,4,2,244,135,TT - T - EAEYKDWTIEQITR xl T - FIKQR,,0.808,false,true,false,false,Between > 4 ,0.092,0.092,0.233,,0.077,0.099,0.097,0.119,,236,219,0.808
355,OpenPepXL_163,P64581,,,false,P0ADQ7,P0ADQ7,,false,LGETGDAIAKQTR,AQALLKETR,53,49,9,5,61,53,TT - T - LGETGDAIAKQTR xl T - AQALLKETR,,0.808,false,true,false,false,Between > 4 ,0.092,0.092,0.233,,0.116,0.077,0.097,0.119,,235,218,0.808
354,OpenPepXL_76,P0A9P0,,,false,P37443,P37443,,false,VINQLTGGLAGMAKGR,LSVPKEIK,92,205,13,1,104,205,TT - T - VINQLTGGLAGMAKGR xl T - LSVPKEIK,,0.808,false,true,false,false,Between > 4 ,0.092,0.092,0.194,,0.167,0.086,0.097,0.119,,234,217,0.808
305,OpenPepXL_58,decoy:sp|Q5VVX9|UBE2U_HUMAN,decoy:,decoy,true,P0A7K2,P0A7K2,,false,RALWC(Carbamidomethyl)KIVSYK,AAGANKVAVIK,85,60,9,5,93,64,TD - D - RALWC(Carbamidomethyl)KIVSYK xl T - AAGANKVAVIK,,0.808,true,false,true,false,Between > 4 ,0.092,0.092,0.194,,0.163,0.077,0.097,0.119,,233,216,0.808
351,OpenPepXL_101,P0A8M3,,,false,P0AEB2,P0AEB2,,false,TLTQEDVEALEKR,TFKGREAESK,110,272,11,0,120,,TT - T - TLTQEDVEALEKR xl T - TFKGREAESK,,0.807,false,true,false,false,Between > 4 ,0.092,0.092,0.182,,0.116,0.157,0.097,0.119,,232,215,0.807
350,OpenPepXL_249,P15639,,,false,P23883,P23883,,false,VYSAKIAGIK,TGKQLLK,450,247,4,2,453,248,TT - T - VYSAKIAGIK xl T - TGKQLLK,,0.807,false,true,false,false,Between > 4 ,0.092,0.092,0.182,,0.116,0.077,0.097,0.119,,231,214,0.807
349,OpenPepXL_27,decoy:sp|O00628|PEX7_HUMAN,decoy:,decoy,true,P0A853,P0A853,,false,LSC(Carbamidomethyl)DVAGTVLLNENYK,FAENAYFIKQR,100,230,1,8,100,237,TD - D - LSC(Carbamidomethyl)DVAGTVLLNENYK xl T - FAENAYFIKQR,,0.806,true,false,true,false,Between > 4 ,0.092,0.092,0.182,,0.147,0.077,0.097,0.119,,230,213,0.806
348,OpenPepXL_171,P0A705,,,false,P0A7S9,P0A7S9,,false,FKDDVNEVR,EISMSIKR,847,71,1,6,847,76,TT - T - FKDDVNEVR xl T - EISMSIKR,,0.806,false,true,false,false,Between > 4 ,0.092,0.092,0.188,,0.077,0.077,0.097,0.119,,229,212,0.806
118,OpenPepXL_200,P02359,,,false,P76053,P76053,,false,MAEANKAFAHYR,NVLIIHGKGR,143,115,5,7,147,121,TT - T - MAEANKAFAHYR xl T - NVLIIHGKGR,,0.806,false,true,false,false,Between > 4 ,0.092,0.092,0.188,,0.079,0.077,0.097,0.119,,228,211,0.806
346,OpenPepXL_252,P0A7K2,,,false,Q8NDV2,Q8NDV2,,false,VAVIKAVR,VLKVAR,66,194,4,2,69,195,TT - T - VAVIKAVR xl T - VLKVAR,,0.806,false,true,false,false,Between > 4 ,0.092,0.092,0.219,,0.077,0.116,0.097,0.119,,227,210,0.806
57,OpenPepXL_394,P0ADY7,,,false,P68919,P68919,,false,LPIKTTFVTK,HPYKPK,123,79,3,3,125,81,TT - T - LPIKTTFVTK xl T - HPYKPK,,0.806,false,true,false,false,Between > 4 ,0.092,0.092,0.212,,0.099,0,0.097,0.119,,226,209,0.806
344,OpenPepXL_257,P0A8V2,,,false,P0A8T7,P0A8T7,,false,SPGVFFDSDKGKTHSSGK,IPQESGGTKDITGGLPR,151,1123,11,7,161,1129,TT - T - SPGVFFDSDKGKTHSSGK xl T - IPQESGGTKDITGGLPR,,0.805,false,true,false,false,Between > 4 ,0.092,0.092,0.206,,0.157,0.157,0.097,0,,225,38,0.805
343,OpenPepXL_400,Q46851,,,false,P0A853,P0A853,,false,RMGLEYVDIFYSHR,FAENAYFIKQR,125,230,10,8,134,237,TT - T - RMGLEYVDIFYSHR xl T - FAENAYFIKQR,,0.805,false,true,false,false,Between > 4 ,0.092,0.092,0.212,,0.077,0.077,0.097,0.119,,224,207,0.805
339,OpenPepXL_326,P0AE78,,,false,decoy:sp|P65556|YFCD_ECOLI,decoy:sp|P65556|YFCD_ECOLI,decoy,true,FPVISEDKDHIEGILMAK,KM(Oxidation)WLALAK,102,14,7,0,108,,TD - T - FPVISEDKDHIEGILMAK xl D - KM(Oxidation)WLALAK,,0.804,true,false,true,false,Between > 4 ,0.092,0.092,0.2,,0.117,0.077,0.097,0.119,,223,206,0.804
338,OpenPepXL_245,E7ERA6,,,false,P0A853,P0A853,,false,MSSGQQVWHTAVPPPR,FAENAYFIKQR,0,230,2,8,1,237,TT - T - MSSGQQVWHTAVPPPR xl T - FAENAYFIKQR,,0.804,false,true,false,false,Between > 4 ,0.092,0.092,0.2,,0.092,0.077,0.097,0.119,,222,205,0.804
128,OpenPepXL_168,P0A7T7,,,false,P02358,P02358,,false,DIATLKNYITESGK,AKDER,24,104,5,1,28,104,TT - T - DIATLKNYITESGK xl T - AKDER,,0.803,false,true,false,false,Between > 4 ,0.092,0.092,0.189,,0.077,0.133,0,0,,221,286,0.803
334,OpenPepXL_453,P0ACF0,,,false,P00579,P00579,,false,NPQTGKEIK,MSIGEAKAR,61,364,5,6,65,369,TT - T - NPQTGKEIK xl T - MSIGEAKAR,,0.803,false,true,false,false,Between > 4 ,0.092,0.092,0.167,,0.077,0.077,0.097,0.119,,220,204,0.803
333,OpenPepXL_61,P0ABN9,,,false,P0A7J7,P0A7J7,,false,EYVYGDTATLLDKK,TPPAAVLLKK,216,72,12,8,227,79,TT - T - EYVYGDTATLLDKK xl T - TPPAAVLLKK,,0.803,false,true,false,false,Between > 4 ,0.092,0.092,0.167,,0.077,0.167,0.097,0.119,,219,203,0.803
139,OpenPepXL_179,P0A7J7,,,false,P0A7K2,P0A7K2,,false,KAAGIKSGSGKPNK,VAVIKAVR,81,66,5,4,85,69,TT - T - KAAGIKSGSGKPNK xl T - VAVIKAVR,,0.802,false,true,false,false,Between > 4 ,0.092,0.092,0.156,,0.167,0.077,0.097,0.119,,218,202,0.802
329,OpenPepXL_165,P0AE08,,,false,Q8TDB6,Q8TDB6,,false,NGEFIEITEKDTEGR,QANKFK,17,316,9,3,25,318,TT - T - NGEFIEITEKDTEGR xl T - QANKFK,,0.802,false,true,false,false,Between > 4 ,0.092,0.092,0.129,,0.077,0.116,0.097,0.119,,217,201,0.802
328,OpenPepXL_222,P0DPC4,,,false,P07118,P07118,,false,LIVSNNTWLIMR,APEAVIAKER,20,918,3,7,22,924,TT - T - LIVSNNTWLIMR xl T - APEAVIAKER,,0.802,false,true,false,false,Between > 4 ,0.092,0.092,0.129,,0.082,0.13,0.097,0.119,,216,200,0.802
327,OpenPepXL_64,P0A9P0,,,false,P04805,P04805,,false,VINQLTGGLAGMAKGR,LLGERC(Carbamidomethyl)KTLK,92,345,13,7,104,351,TT - T - VINQLTGGLAGMAKGR xl T - LLGERC(Carbamidomethyl)KTLK,,0.801,false,true,false,false,Between > 4 ,0.092,0.092,0.121,,0.167,0.117,0.097,0.119,,215,199,0.801
325,OpenPepXL_188,P0A836,,,false,decoy:sp|Q9NWW9|PLAT2_HUMAN,decoy:sp|Q9NWW9|PLAT2_HUMAN,decoy,true,AFAENWLGKR,QRERKSR,70,0,8,5,77,4,TD - T - AFAENWLGKR xl D - QRERKSR,,0.801,true,false,true,false,Between > 4 ,0.092,0.092,0.121,,0.166,0.151,0.097,0.119,,214,198,0.801
323,OpenPepXL_267,P0AF36,,,false,P0ACF0,P0ACF0,,false,EKNNSLSQEVQNAQHQR,ALKDAVK,33,83,1,2,33,84,TT - T - EKNNSLSQEVQNAQHQR xl T - ALKDAVK,,0.8,false,true,false,false,Between > 4 ,0.092,0.092,0.125,,0.077,0.077,0.097,0.119,,213,197,0.8
322,OpenPepXL_384,P63284,,,false,P0A853,P0A853,,false,RLDM(Oxidation)LNEELSDKER,FAENAYFIKQR,439,230,11,8,449,237,TT - T - RLDM(Oxidation)LNEELSDKER xl T - FAENAYFIKQR,,0.8,false,true,false,false,Between > 4 ,0.092,0.092,0.121,,0.077,0.077,0.097,0,,212,196,0.8
321,OpenPepXL_81,P0A8M3,,,false,P24192,P24192,,false,TLTQEDVEALEKR,IVYSPM(Oxidation)DALK,110,120,11,2,120,121,TT - T - TLTQEDVEALEKR xl T - IVYSPM(Oxidation)DALK,,0.8,false,true,false,false,Between > 4 ,0.092,0.092,0.121,,0.116,0.079,0.097,0.119,,211,195,0.8
304,OpenPepXL_330,P0A7S3,,,false,P39393,P39393,,false,GALDC(Carbamidomethyl)SGVKDR,AKQAR,99,239,8,1,106,239,TT - T - GALDC(Carbamidomethyl)SGVKDR xl T - AKQAR,,0.8,false,true,false,false,Between > 4 ,0.092,0.092,0.125,,0.157,0.151,0.097,0.119,,210,194,0.8
315,OpenPepXL_182,P37051,,,false,P15848,P15848,,false,ALYKVLAQR,KEC(Carbamidomethyl)LPTRR,260,152,3,0,262,,TT - T - ALYKVLAQR xl T - KEC(Carbamidomethyl)LPTRR,,0.799,false,true,false,false,Between > 4 ,0.092,0.092,0.162,,0.077,0.166,0.097,0.119,,209,193,0.799
314,OpenPepXL_205,P0A853,,,false,P37016,P37016,,false,EAEYKDWTIEQITR,KLM(Oxidation)KR,241,6,4,0,244,,TT - T - EAEYKDWTIEQITR xl T - KLM(Oxidation)KR,,0.799,false,true,false,false,Between > 4 ,0.092,0.092,0.162,,0.077,0.077,0.097,0.119,,208,192,0.799
313,OpenPepXL_190,P0A786,,,false,P0A7F3,P0A7F3,,false,TVHSLTQALAKFDGNR,RANDIALKC(Carbamidomethyl)K,168,129,10,7,177,135,TT - T - TVHSLTQALAKFDGNR xl T - RANDIALKC(Carbamidomethyl)K,,0.798,false,true,false,false,Between > 4 ,0.092,0.092,0.146,,0.157,0.077,0,0,,207,66,0.798
162,OpenPepXL_322,P06959,,,false,P0A9P0,P0A9P0,,false,AEGKSEFAENDAYVHATPLIR,KHYFDPK,313,338,3,0,315,,TT - T - AEGKSEFAENDAYVHATPLIR xl T - KHYFDPK,,0.798,false,true,false,false,Between > 4 ,0.092,0.092,0.146,,0.157,0.167,0.097,0.119,,206,191,0.798
310,OpenPepXL_244,Q47156,,,false,Q47157,Q47157,,false,RAEQYLNDMTDDDFNDFKE,TKLIR,78,5,17,1,94,5,TT - T - RAEQYLNDMTDDDFNDFKE xl T - TKLIR,,0.798,false,true,false,false,Between > 4 ,0.092,0.092,0.146,,0.115,0.115,0.097,0.119,,205,190,0.798
309,OpenPepXL_33,P0A8V2,,,false,P09831,P09831,,false,LNHLVDDKMHAR,GLYKIMSK,1234,708,7,2,1240,709,TT - T - LNHLVDDKMHAR xl T - GLYKIMSK,,0.798,false,true,false,false,Between > 4 ,0.092,0.092,0.125,,0.157,0.086,0.097,0.119,,204,189,0.798
308,OpenPepXL_383,Q7L266,,,false,P0A853,P0A853,,false,TVEEAADLSLGYM(Oxidation)KSR,FAENAYFIKQR,242,230,1,8,242,237,TT - T - TVEEAADLSLGYM(Oxidation)KSR xl T - FAENAYFIKQR,,0.798,false,true,false,false,Between > 4 ,0.092,0.092,0.125,,0.077,0.077,0.097,0,,203,130,0.798
306,OpenPepXL_262,P0A7W7,,,false,P0A7V0,P0A7V0,,false,YFQGKAVVESIQR,NKVHIINLEK,64,35,4,1,67,35,TT - T - YFQGKAVVESIQR xl T - NKVHIINLEK,,0.798,false,true,false,false,Between > 4 ,0.092,0.092,0.125,,0.077,0.116,0.097,0,,202,73,0.798
303,OpenPepXL_219,P25549,,,false,P0A853,P0A853,,false,WM(Oxidation)DYGVKFLDKM(Oxidation)AK,FAENAYFIKQR,274,230,10,8,283,237,TT - T - WM(Oxidation)DYGVKFLDKM(Oxidation)AK xl T - FAENAYFIKQR,,0.797,false,true,false,false,Between > 4 ,0.092,0.092,0.119,,0.086,0.077,0.097,0.119,,201,186,0.797
302,OpenPepXL_456,P0ACF0,,,false,P0A7L0,P0A7L0,,false,NPQTGKEIK,KSDQNVR,61,53,5,0,65,,TT - T - NPQTGKEIK xl T - KSDQNVR,,0.797,false,true,false,false,Between > 4 ,0.092,0.092,0.119,,0.077,0.077,0.097,0.119,,200,185,0.797
301,OpenPepXL_106,Q5VW38,,,false,P07118,P07118,,false,HKVHLNTFGFFK,APEAVIAKER,51,918,1,7,51,924,TT - T - HKVHLNTFGFFK xl T - APEAVIAKER,,0.797,false,true,false,false,Between > 4 ,0.092,0.092,0.119,,0.077,0.13,0.097,0.119,,199,184,0.797
300,OpenPepXL_329,P0A705,,,false,decoy:sp|O00487|PSDE_HUMAN,decoy:sp|O00487|PSDE_HUMAN,decoy,true,EQEAAELKR,QELENKR,176,96,7,5,182,100,TD - T - EQEAAELKR xl D - QELENKR,,0.797,true,false,true,false,Between > 4 ,0.092,0.092,0.119,,0.077,0.149,0.097,0.119,,198,183,0.797
247,OpenPepXL_110,P07451,,,false,P0AGJ9,P0AGJ9,,false,EALKQR,EAVKQR,131,154,3,3,133,156,TT - T - EALKQR xl T - EAVKQR,,0.796,false,true,false,false,Between > 4 ,0.092,0.092,0.179,,0.151,0.077,0.097,0.119,,197,182,0.796
296,OpenPepXL_213,P0A7V8,,,false,Q9NYP7,Q9NYP7,,false,EKPTWLEVDAGKM(Oxidation)EGTFK,KGASR,165,256,11,0,175,,TT - T - EKPTWLEVDAGKM(Oxidation)EGTFK xl T - KGASR,,0.796,false,true,false,false,Between > 4 ,0.092,0.092,0.179,,0.077,0.077,0,0,,196,180,0.796
294,OpenPepXL_287,P75876,,,false,Q13451,Q13451,,false,LQQAQKWR,VYVHYK,82,52,5,4,86,55,TT - T - LQQAQKWR xl T - VYVHYK,,0.795,false,true,false,false,Between > 4 ,0.092,0.092,0.179,,0.077,0.079,0.097,0.119,,195,181,0.795
293,OpenPepXL_461,P0A7V8,,,false,Q9NYP7,Q9NYP7,,false,VKAALELAEQR,KGASR,154,256,1,0,154,,TT - T - VKAALELAEQR xl T - KGASR,,0.795,false,true,false,false,Between > 4 ,0.092,0.092,0.179,,0.077,0.077,0.097,0,,194,180,0.795
292,OpenPepXL_261,P0A6X7,,,false,P0ADZ4,P0ADZ4,,false,NPKTGEDIPITAR,KLLDYLKR,63,64,2,6,64,69,TT - T - NPKTGEDIPITAR xl T - KLLDYLKR,,0.795,false,true,false,false,Between > 4 ,0.092,0.092,0.179,,0.116,0.151,0.097,0.119,,193,179,0.795
291,OpenPepXL_5,P0A7G2,,,false,P68679;P0AEJ6,P68679;P0AEJ6,;,false,RVNPDDSKED,M(Oxidation)PVIK,123,0;140,7,0,129,,TT - T - RVNPDDSKED xl T - M(Oxidation)PVIK,,0.795,false,true,false,false,Between > 4 ,0.092,0.092,0.175,,0.116,0.082,0.097,0.119,,192,178,0.795
290,OpenPepXL_327,P0A705;P0A705,;,;,false,decoy:sp|Q5JY77|GASP1_HUMAN,decoy:sp|Q5JY77|GASP1_HUMAN,decoy,true,EAAEQAKR,AEQKAR,134;142,998,6,3,139;147,1000,TD - T - EAAEQAKR xl D - AEQKAR,,0.795,true,false,true,false,Between > 4 ,0.092,0.092,0.171,,0.077,0.116,0.097,0.119,,191,177,0.795
289,OpenPepXL_458,P0A8M6,,,false,P0A7S3,P0A7S3,,false,NAELSKER,KPNSALR,82,43,5,0,86,,TT - T - NAELSKER xl T - KPNSALR,,0.795,false,true,false,false,Between > 4 ,0.092,0.092,0.146,,0.116,0.157,0.097,0.119,,190,176,0.795
287,OpenPepXL_42,P0A705,,,false,P0A7R5,P0A7R5,,false,EAQQKAER,MQNQR,126,0,4,0,129,,TT - T - EAQQKAER xl T - MQNQR,,0.794,false,true,false,false,Between > 4 ,0.092,0.092,0.154,,0.077,0.077,0.097,0,,189,174,0.794
285,OpenPepXL_43,P0A705;P0A705,;,;,false,P0A7R5,P0A7R5,,false,EAAEQAKR,MQNQR,134;142,0,6,0,139;147,,TT - T - EAAEQAKR xl T - MQNQR,,0.793,false,true,false,false,Between > 4 ,0.092,0.092,0.143,,0.077,0.077,0.097,0,,188,174,0.793
284,OpenPepXL_13,P0AG67,,,false,decoy:sp|P55083|MFAP4_HUMAN,decoy:sp|P55083|MFAP4_HUMAN,decoy,true,M(Oxidation)TESFAQLFEESLK,M(Oxidation)ETRK,0,5,1,2,0,6,TD - T - M(Oxidation)TESFAQLFEESLK xl D - M(Oxidation)ETRK,,0.793,true,false,true,false,Between > 4 ,0.092,0.092,0.143,,0.077,0.117,0.097,0.119,,187,173,0.793
283,OpenPepXL_335,P0A8M6,,,false,P0AG59,P0AG59,,false,NAELSKER,YFAKR,82,19,5,3,86,21,TT - T - NAELSKER xl T - YFAKR,,0.793,false,true,false,false,Between > 4 ,0.092,0.092,0.143,,0.116,0.156,0.097,0.119,,186,172,0.793
282,OpenPepXL_297,P27302,,,false,P33570,P33570,,false,ESVLPKAVTAR,AHKVLGVK,597,657,5,2,601,658,TT - T - ESVLPKAVTAR xl T - AHKVLGVK,,0.793,false,true,false,false,Between > 4 ,0.092,0.092,0.143,,0.079,0.077,0.097,0.119,,185,171,0.793
281,OpenPepXL_184,P0A6F5,,,false,P0A817,P0A817,,false,NVVLDKSFGAPTITK,TDKAQLLR,36,370,5,2,40,371,TT - T - NVVLDKSFGAPTITK xl T - TDKAQLLR,,0.793,false,true,false,false,Between > 4 ,0.092,0.092,0.143,,0.077,0.133,0.097,0.119,,184,170,0.793
280,OpenPepXL_340,P02359,,,false,P0AG67,P0AG67,,false,SFSHQAGASSKQPALGYLN,DTLHLEGKELEFK,160,142,10,7,169,148,TT - T - SFSHQAGASSKQPALGYLN xl T - DTLHLEGKELEFK,,0.793,false,true,false,false,Between > 4 ,0.092,0.092,0.143,,0.079,0.077,0.097,0,,183,47,0.793
279,OpenPepXL_187,P0C0V0,,,false,decoy:sp|O43692|PI15_HUMAN,decoy:sp|O43692|PI15_HUMAN,decoy,true,NLTSQMVEYGQVKR,AKPIDASDLQAK,274,202,12,6,285,207,TD - T - NLTSQMVEYGQVKR xl D - AKPIDASDLQAK,,0.793,true,false,true,false,Between > 4 ,0.092,0.092,0.143,,0.077,0.156,0.097,0.119,,182,168,0.793
112,OpenPepXL_423,P0ACF0,,,false,P0ADZ4,P0ADZ4,,false,NPQTGKEIK,KLLDYLKR,61,64,5,6,65,69,TT - T - NPQTGKEIK xl T - KLLDYLKR,,0.793,false,true,false,false,Between > 4 ,0.092,0.092,0.143,,0.077,0.151,0.097,0.119,,181,167,0.793
276,OpenPepXL_274,P05719,,,false,P08957,P08957,,false,RVEQLFAYADTIEKQVNNALAR,QLLEEAFGGVKE,383,517,13,10,395,526,TT - T - RVEQLFAYADTIEKQVNNALAR xl T - QLLEEAFGGVKE,,0.793,false,true,false,false,Between > 4 ,0.092,0.092,0.171,,0.098,0.077,0.097,0.119,,180,166,0.793
275,OpenPepXL_119,P0A8V2,,,false,P0A8T7,P0A8T7,,false,AIFGEKASDVK,GLATTIKAAK,903,388,5,6,907,393,TT - T - AIFGEKASDVK xl T - GLATTIKAAK,,0.793,false,true,false,false,Between > 4 ,0.092,0.092,0.171,,0.157,0.157,0.097,0,,179,38,0.793
234,OpenPepXL_337,P0AGE9,,,false,P0A836,P0A836,,false,MGHAGAIIAGGKGTADEK,MNLHEYQAK,244,0,11,0,254,,TT - T - MGHAGAIIAGGKGTADEK xl T - MNLHEYQAK,,0.793,false,true,false,false,Between > 4 ,0.092,0.092,0.171,,0.077,0.166,0,0,,122,296,0.793
273,OpenPepXL_272,Q02246,,,false,P0A853,P0A853,,false,WKMNGTEMKLEPGSR,FAENAYFIKQR,72,230,1,8,72,237,TT - T - WKMNGTEMKLEPGSR xl T - FAENAYFIKQR,,0.792,false,true,false,false,Between > 4 ,0.092,0.092,0.171,,0.116,0.077,0.097,0.119,,177,164,0.792
272,OpenPepXL_36,P0AE08,,,false,P69811,P69811,,false,NGEFIEITEKDTEGR,SLM(Oxidation)KVVALGVKK,17,332,9,10,25,341,TT - T - NGEFIEITEKDTEGR xl T - SLM(Oxidation)KVVALGVKK,,0.792,false,true,false,false,Between > 4 ,0.092,0.092,0.229,,0.077,0.082,0.097,0.119,,176,163,0.792
264,OpenPepXL_295,P0A8T7,,,false,P0A6D0,P0A6D0,,false,TAGGKDLRPALK,VSRM(Oxidation)LTK,1067,45,4,5,1070,49,TT - T - TAGGKDLRPALK xl T - VSRM(Oxidation)LTK,,0.792,false,true,false,false,Between > 4 ,0.092,0.092,0.257,,0.157,0.157,0.097,0.119,,175,162,0.792
269,OpenPepXL_258,P0A8T7,,,false,P30128,P30128,,false,KGLADTALKTANSGYLTR,SENADYQYNKK,780,42,8,9,787,50,TT - T - KGLADTALKTANSGYLTR xl T - SENADYQYNKK,,0.792,false,true,false,false,Between > 4 ,0.092,0.092,0.257,,0.157,0.077,0.097,0.119,,174,161,0.792
251,OpenPepXL_67,P07001,,,false,P0A836,P0A836,,false,VMSDAFIKAEM(Oxidation)ELFAAQAK,MNLHEYQAK,228,0,7,0,234,,TT - T - VMSDAFIKAEM(Oxidation)ELFAAQAK xl T - MNLHEYQAK,,0.791,false,true,false,false,Between > 4 ,0.092,0.092,0.235,,0.077,0.166,0.097,0.119,,173,160,0.791
265,OpenPepXL_328,P63389,,,false,decoy:sp|P0A8D0|NRDR_ECOLI,decoy:sp|P0A8D0|NRDR_ECOLI,decoy,true,LEKEMEK,KELAR,566,73,2,0,567,,TD - T - LEKEMEK xl D - KELAR,,0.791,true,false,true,false,Between > 4 ,0.092,0.092,0.235,,0.13,0.156,0.097,0.119,,172,159,0.791
263,OpenPepXL_57,P0A6Z1,,,false,decoy:sp|O43731|ERD23_HUMAN,decoy:sp|O43731|ERD23_HUMAN,decoy,true,TNAALDTANTISSVKR,IPM(Oxidation)PLSLKKGK,71,0,14,8,84,7,TD - T - TNAALDTANTISSVKR xl D - IPM(Oxidation)PLSLKKGK,,0.791,true,false,true,false,Between > 4 ,0.092,0.092,0.235,,0.077,0.103,0.097,0.119,,171,158,0.791
261,OpenPepXL_442,P0A9F3,,,false,P0A7R5,P0A7R5,,false,SVAGEHTWPDKGSLYIATTHTQAR,M(Oxidation)QNQR,81,0,10,0,90,,TT - T - SVAGEHTWPDKGSLYIATTHTQAR xl T - M(Oxidation)QNQR,,0.79,false,true,false,false,Between > 4 ,0.092,0.092,0.235,,0.077,0.077,0.097,0.119,,170,157,0.79
259,OpenPepXL_82,P33136,,,false,Q7Z2X4,Q7Z2X4,,false,EFWIERPKPTDK,KTFHSM(Oxidation)K,189,220,7,1,195,220,TT - T - EFWIERPKPTDK xl T - KTFHSM(Oxidation)K,,0.79,false,true,false,false,Between > 4 ,0.092,0.092,0.216,,0.077,0.077,0.097,0.119,,169,156,0.79
258,OpenPepXL_293,P0A6Z3,,,false,P0CF58;P0CF57;P0CF56;P0CF55;P0CF54;P0CF53,P0CF58;P0CF57;P0CF56;P0CF55;P0CF54;P0CF53,;;;;;,false,YIFELNPDHVLVKR,GWGVSLVSRC(Carbamidomethyl)LR,565,10;10;10;10;10;10,12,7,576,16;16;16;16;16;16,TT - T - YIFELNPDHVLVKR xl T - GWGVSLVSRC(Carbamidomethyl)LR,,0.789,false,true,false,false,Between > 4 ,0.092,0.092,0.229,,0.116,0.077,0.097,0.119,,168,155,0.789
255,OpenPepXL_226,P0A7V3,,,false,P0AG59,P0AG59,,false,EFADNLDSDFKVR,QSMKAR,27,3,10,3,36,5,TT - T - EFADNLDSDFKVR xl T - QSMKAR,,0.789,false,true,false,false,Between > 4 ,0.092,0.092,0.222,,0.13,0.156,0.097,0.119,,167,154,0.789
253,OpenPepXL_142,P09832,,,false,Q14155,Q14155,,false,KIEFVEIYEPFSEGQAK,KLLPKR,24,681,1,4,24,684,TT - T - KIEFVEIYEPFSEGQAK xl T - KLLPKR,,0.789,false,true,false,false,Between > 4 ,0.092,0.092,0.189,,0.099,0.077,0.097,0.119,,166,153,0.789
252,OpenPepXL_324,P64581,,,false,P0AEH5,P0AEH5,,false,LGETGDAIAKQTR,AKQAVYR,53,64,11,1,63,64,TT - T - LGETGDAIAKQTR xl T - AKQAVYR,,0.788,false,true,false,false,Between > 4 ,0.092,0.092,0.184,,0.116,0.116,0.097,0,,165,152,0.788
250,OpenPepXL_282,P0A705,,,false,P50539,P50539,,false,EAQQKAER,KLEEAER,126,117,4,0,129,,TT - T - EAQQKAER xl T - KLEEAER,,0.788,false,true,false,false,Between > 4 ,0.092,0.092,0.156,,0.077,0.099,0.097,0.119,,164,151,0.788
114,OpenPepXL_391,P0A8T7,,,false,P0A8V2,P0A8V2,,false,KGLADTALK,GKTHSSGK,780,161,1,1,780,161,TT - T - KGLADTALK xl T - GKTHSSGK,,0.788,false,true,false,false,Between > 4 ,0.092,0.092,0.156,,0.157,0.157,0.097,0,,163,38,0.788
248,OpenPepXL_111,P60240,,,false,P0A7Z4,P0A7Z4,,false,KYSSEQFR,TPNLGKK,133,291,1,5,133,295,TT - T - KYSSEQFR xl T - TPNLGKK,,0.788,false,true,false,false,Between > 4 ,0.092,0.092,0.152,,0.077,0.099,0.097,0.119,,162,149,0.788
243,OpenPepXL_169,Q96K19,,,false,P0A836,P0A836,,false,LHQDINDYNRRFSGQPR,MNLHEYQAK,151,0,7,0,157,,TT - T - LHQDINDYNRRFSGQPR xl T - MNLHEYQAK,,0.787,false,true,false,false,Between > 4 ,0.092,0.092,0.125,,0.077,0.166,0.097,0.119,,161,148,0.787
242,OpenPepXL_189,P21179,,,false,decoy:sp|O60216|RAD21_HUMAN,decoy:sp|O60216|RAD21_HUMAN,decoy,true,SADLLAILKALK,FAM(Oxidation)KIK,612,542,8,3,619,544,TD - T - SADLLAILKALK xl D - FAM(Oxidation)KIK,,0.787,true,false,true,false,Between > 4 ,0.092,0.092,0.122,,0.077,0.077,0.097,0.119,,160,147,0.787
241,OpenPepXL_99,P00956,,,false,decoy:sp|P31663|PANC_ECOLI,decoy:sp|P31663|PANC_ECOLI,decoy,true,ALGKIIGNGHLHK,ALEVMK,167,0,3,0,169,,TD - T - ALGKIIGNGHLHK xl D - ALEVMK,,0.787,true,false,true,false,Between > 4 ,0.092,0.092,0.128,,0.166,0.123,0.097,0.119,,159,146,0.787
238,OpenPepXL_316,P0A8M3,,,false,decoy:sp|P37648|YHJJ_ECOLI,decoy:sp|P37648|YHJJ_ECOLI,decoy,true,LKEYQYQEVK,VKALER,284,137,1,1,284,137,TD - T - LKEYQYQEVK xl D - VKALER,,0.786,true,false,true,false,Between > 4 ,0.092,0.092,0.125,,0.116,0.082,0.097,0.119,,158,145,0.786
236,OpenPepXL_362,P0A8V2,,,false,P0A8T7,P0A8T7,,false,SPGVFFDSDKGKTHSSGK,KGLADTALK,151,780,11,0,161,,TT - T - SPGVFFDSDKGKTHSSGK xl T - KGLADTALK,,0.786,false,true,false,false,Between > 4 ,0.092,0.092,0.122,,0.157,0.157,0.097,0,,157,38,0.786
184,OpenPepXL_427,Q9UHL3,,,false,P0A853,P0A853,,false,MVDKDTERDIEM(Oxidation)KR,FAENAYFIKQR,0,230,12,8,11,237,TT - T - MVDKDTERDIEM(Oxidation)KR xl T - FAENAYFIKQR,,0.785,false,true,false,false,Between > 4 ,0.092,0.092,0.14,,0.077,0.077,0.097,0.119,,156,143,0.785
233,OpenPepXL_281,P69910;P69908,;,;,false,P07288,P07288,,false,YLSDHPKLQGIAQQNSFK,VTKFMLC(Carbamidomethyl)AGRWTGGK,446;446,191,6,1,451;451,191,TT - T - YLSDHPKLQGIAQQNSFK xl T - VTKFMLC(Carbamidomethyl)AGRWTGGK,,0.784,false,true,false,false,Between > 4 ,0.092,0.092,0.089,,0.077,0.166,0.097,0.119,,155,142,0.784
232,OpenPepXL_444,P02359,,,false,P67910,P67910,,false,SFSHQAGASSKQPALGYLN,KGQIEYIPFPDKLK,160,255,10,11,169,265,TT - T - SFSHQAGASSKQPALGYLN xl T - KGQIEYIPFPDKLK,,0.784,false,true,false,false,Between > 4 ,0.092,0.092,0.089,,0.079,0.079,0.097,0.119,,154,141,0.784
231,OpenPepXL_323,P0A991,,,false,P0A8N3,P0A8N3,,false,SMADGVKLINAVQDVYLDSK,TLAQDILGK,326,299,6,0,331,,TT - T - SMADGVKLINAVQDVYLDSK xl T - TLAQDILGK,,0.784,false,true,false,false,Between > 4 ,0.092,0.092,0.087,,0.156,0.157,0.097,0.119,,153,140,0.784
230,OpenPepXL_21,P0A707,,,false,P0A7S9,P0A7S9,,false,VKDDLQELAVVESFPTKIEGR,KPIKK,147,113,15,3,161,115,TT - T - VKDDLQELAVVESFPTKIEGR xl T - KPIKK,,0.784,false,true,false,false,Between > 4 ,0.092,0.092,0.087,,0.157,0.077,0.097,0,,152,41,0.784
229,OpenPepXL_203,P0A705,,,false,P0A7S3,P0A7S3,,false,KGSSLQQGFQKPAQAVNR,GALDC(Carbamidomethyl)SGVKDRK,290,99,10,8,299,106,TT - T - KGSSLQQGFQKPAQAVNR xl T - GALDC(Carbamidomethyl)SGVKDRK,,0.784,false,true,false,false,Between > 4 ,0.092,0.092,0.087,,0.077,0.157,0.097,0,,151,138,0.784
228,OpenPepXL_164,P0A8J8,,,false,P21513,P21513,,false,IKEELFYPSNEEK,QLNQKVR,230,723,1,4,230,726,TT - T - IKEELFYPSNEEK xl T - QLNQKVR,,0.784,false,true,false,false,Between > 4 ,0.092,0.092,0.089,,0.077,0.116,0.097,0.119,,150,137,0.784
227,OpenPepXL_228,P0A6Y1,,,false,P0ADZ4,P0ADZ4,,false,TGDKVELEGK,LLDYLKR,65,65,3,5,67,69,TT - T - TGDKVELEGK xl T - LLDYLKR,,0.783,false,true,false,false,Between > 4 ,0.092,0.092,0.091,,0.167,0.151,0.097,0.119,,149,136,0.783
226,OpenPepXL_395,P09831,,,false,P0ABH7,P0ABH7,,false,IC(Carbamidomethyl)HLNNC(Carbamidomethyl)ATGVATQDDKLR,LM(Oxidation)GFGHRVYK,1106,300,16,8,1121,307,TT - T - IC(Carbamidomethyl)HLNNC(Carbamidomethyl)ATGVATQDDKLR xl T - LM(Oxidation)GFGHRVYK,,0.783,false,true,false,false,Between > 4 ,0.092,0.092,0.091,,0.086,0.133,0.097,0.119,,148,135,0.783
225,OpenPepXL_454,P02358,,,false,P0ACF4,P0ACF4,,false,YTAAITGAEGKIHR,NPQTGKEITIAAAK,24,61,10,5,33,65,TT - T - YTAAITGAEGKIHR xl T - NPQTGKEITIAAAK,,0.783,false,true,false,false,Between > 4 ,0.092,0.092,0.093,,0.133,0.116,0.097,0.119,,147,134,0.783
224,OpenPepXL_298,P0A8T7,,,false,P0A8V2,P0A8V2,,false,GLADTALKTANSGYLTR,GKTHSSGK,781,161,7,1,787,161,TT - T - GLADTALKTANSGYLTR xl T - GKTHSSGK,,0.783,false,true,false,false,Between > 4 ,0.092,0.092,0.089,,0.157,0.157,0.097,0,,146,38,0.783
223,OpenPepXL_360,Q3KQV9,,,false,P0A6Z3,P0A6Z3,,false,VILERKDK,VSFDKDKR,210,66,5,6,214,71,TT - T - VILERKDK xl T - VSFDKDKR,,0.783,false,true,false,false,Between > 4 ,0.092,0.092,0.089,,0.116,0.116,0.097,0.119,,145,132,0.783
213,OpenPepXL_392,P0A7L0,,,false,P76463,P76463,,false,AKPTQAKGVYIK,KMPQWR,198,464,6,0,203,,TT - T - AKPTQAKGVYIK xl T - KMPQWR,,0.783,false,true,false,false,Between > 4 ,0.092,0.092,0.085,,0.077,0.157,0.097,0.119,,144,131,0.783
221,OpenPepXL_426,Q7L266,,,false,P0A853,P0A853,,false,TVEEAADLSLGYM(Oxidation)KSR,FAENAYFIKQR,242,230,14,8,255,237,TT - T - TVEEAADLSLGYM(Oxidation)KSR xl T - FAENAYFIKQR,,0.782,false,true,false,false,Between > 4 ,0.092,0.092,0.106,,0.077,0.077,0.097,0,,143,130,0.782
220,OpenPepXL_265,P0AG16,,,false,Q46897,Q46897,,false,QGFVKNR,KLGNAAR,322,128,4,0,325,,TT - T - QGFVKNR xl T - KLGNAAR,,0.782,false,true,false,false,Between > 4 ,0.092,0.092,0.106,,0.077,0.077,0.097,0.119,,142,129,0.782
219,OpenPepXL_291,P04079,,,false,P51790,P51790,,false,KYDWVVSLR,KLGLR,464,776,1,0,464,,TT - T - KYDWVVSLR xl T - KLGLR,,0.782,false,true,false,false,Between > 4 ,0.092,0.092,0.106,,0.077,0.099,0.097,0.119,,141,128,0.782
218,OpenPepXL_321,P0A9P0,,,false,P0AFG8,P0AFG8,,false,NLDAGKAGVEVDDR,GGHDPKK,278,362,5,5,282,366,TT - T - NLDAGKAGVEVDDR xl T - GGHDPKK,,0.782,false,true,false,false,Between > 4 ,0.092,0.092,0.106,,0.167,0.157,0.097,0.119,,140,127,0.782
194,OpenPepXL_398,P0A6Y1,,,false,P16432;P45552;P0A7U7,P16432;P45552;P0A7U7,;;,false,NPKTGDKVELEGK,TFIKK,62,2;3;29,2,3,63,4;5;31,TT - T - NPKTGDKVELEGK xl T - TFIKK,,0.782,false,true,false,false,Between > 4 ,0.092,0.092,0.106,,0.167,0.116,0.097,0.119,,139,126,0.782
216,OpenPepXL_230,P06612,,,false,Q6ZSB9,Q6ZSB9,,false,FSEASLVKELEK,KM(Oxidation)HC(Carbamidomethyl)K,476,582,7,0,482,,TT - T - FSEASLVKELEK xl T - KM(Oxidation)HC(Carbamidomethyl)K,,0.782,false,true,false,false,Between > 4 ,0.092,0.092,0.106,,0.099,0.077,0.097,0.119,,138,125,0.782
215,OpenPepXL_308,P68191,,,false,P0A7T3,P0A7T3,,false,HILGLDHKISNQR,EVNKAA,8,76,7,3,14,78,TT - T - HILGLDHKISNQR xl T - EVNKAA,,0.782,false,true,false,false,Between > 4 ,0.092,0.092,0.106,,0.166,0.077,0.097,0.119,,137,124,0.782
214,OpenPepXL_124,P0A7K2,,,false,P0AG55,P0AG55,,false,VAVIKAVR,GKGVR,66,158,4,1,69,158,TT - T - VAVIKAVR xl T - GKGVR,,0.782,false,true,false,false,Between > 4 ,0.092,0.092,0.106,,0.077,0.077,0.097,0,,136,44,0.782
71,OpenPepXL_314,P0A6Y1,,,false,P0A6X7,P0A6X7,,false,NPKTGDKVELEGK,SRVENASPKDE,62,88,2,8,63,95,TT - T - NPKTGDKVELEGK xl T - SRVENASPKDE,,0.781,false,true,false,false,Between > 4 ,0.092,0.092,0.128,,0.167,0.116,0.097,0,,135,122,0.781
211,OpenPepXL_202,P0ACF0,,,false,P0A7S9,P0A7S9,,false,NPQTGKEIK,KPIKK,61,113,5,3,65,115,TT - T - NPQTGKEIK xl T - KPIKK,,0.781,false,true,false,false,Between > 4 ,0.092,0.092,0.106,,0.077,0.077,0.097,0.119,,134,121,0.781
210,OpenPepXL_112,P0A853,,,false,O95081,O95081,,false,HVKENAANIK,M(Oxidation)VM(Oxidation)AAK,440,0,2,0,441,,TT - T - HVKENAANIK xl T - M(Oxidation)VM(Oxidation)AAK,,0.781,false,true,false,false,Between > 4 ,0.092,0.092,0.106,,0.077,0.116,0.097,0.119,,133,120,0.781
209,OpenPepXL_443,Q9UN30,,,false,P0A7L3,P0A7L3,,false,SLWTNHKRYGYK,KASVEIDRK,95,84,3,0,97,,TT - T - SLWTNHKRYGYK xl T - KASVEIDRK,,0.781,false,true,false,false,Between > 4 ,0.092,0.092,0,,0.116,0.116,0.097,0.119,,132,119,0.781
208,OpenPepXL_46,P0A9P0,,,false,Q8NGG8,Q8NGG8,,false,GVHEGHVAAEVIAGKK,KALIK,323,301,14,0,336,,TT - T - GVHEGHVAAEVIAGKK xl T - KALIK,,0.781,false,true,false,false,Between > 4 ,0.092,0.092,0,,0.167,0.077,0.097,0.119,,131,118,0.781
207,OpenPepXL_109,P21179,,,false,Q8IWT0;P24181,Q8IWT0;P24181,;,false,KDPSLSLYAIPDGDVKGR,AIKAK,583,18;304,15,2,597,19;305,TT - T - KDPSLSLYAIPDGDVKGR xl T - AIKAK,,0.78,false,true,false,false,Between > 4 ,0.092,0.092,0,,0.077,0.077,0.097,0,,130,17,0.78
206,OpenPepXL_450,P62399,,,false,P29745,P29745,,false,GLSAKSFDGR,KQFEAR,115,284,4,0,118,,TT - T - GLSAKSFDGR xl T - KQFEAR,,0.78,false,true,false,false,Between > 4 ,0.092,0.092,0,,0.077,0.082,0.097,0.119,,129,116,0.78
205,OpenPepXL_339,P0AFG6,,,false,P0A9P0,P0A9P0,,false,LLAEHNLDASAIKGTGVGGR,NLDAGKAGVEVDDR,120,278,12,5,131,282,TT - T - LLAEHNLDASAIKGTGVGGR xl T - NLDAGKAGVEVDDR,,0.78,false,true,false,false,Between > 4 ,0.092,0.092,0,,0.077,0.167,0.097,0,,128,115,0.78
204,OpenPepXL_260,P60422,,,false,P0ACF0,P0ACF0,,false,SANIALVLYKDGERR,NPQTGKEIK,87,61,9,5,95,65,TT - T - SANIALVLYKDGERR xl T - NPQTGKEIK,,0.78,false,true,false,false,Between > 4 ,0.092,0.092,0,,0.077,0.077,0,0,,127,72,0.78
203,OpenPepXL_333,P0A7N4,,,false,P0AG44,P0AG44,,false,RSHDALTAVTSLSVDKTSGEK,SEKAEAAAE,16,118,15,0,30,,TT - T - RSHDALTAVTSLSVDKTSGEK xl T - SEKAEAAAE,,0.78,false,true,false,false,Between > 4 ,0.092,0.092,0,,0.123,0.166,0.097,0,,126,114,0.78
201,OpenPepXL_98,P0A9Q5,,,false,decoy:sp|Q47689|MMUP_ECOLI,decoy:sp|Q47689|MMUP_ECOLI,decoy,true,LASAQKETGEK,TKM(Oxidation)TRK,94,451,5,0,98,,TD - T - LASAQKETGEK xl D - TKM(Oxidation)TRK,,0.779,true,false,true,false,Between > 4 ,0.092,0.092,0,,0.157,0.133,0.097,0.119,,125,113,0.779
200,OpenPepXL_45,P61175,,,false,P0A7N4,P0A7N4,,false,KVSQALDILTYTNKK,TSGEKHLR,27,32,1,4,27,35,TT - T - KVSQALDILTYTNKK xl T - TSGEKHLR,,0.779,false,true,false,false,Between > 4 ,0.092,0.092,0,,0.077,0.123,0,0,,124,102,0.779
198,OpenPepXL_37,P0A705;P0A705,;,;,false,P06721,P06721,,false,EAAEQAKR,GHEFWKR,134;142,295,6,5,139;147,299,TT - T - EAAEQAKR xl T - GHEFWKR,,0.779,false,true,false,false,Between > 4 ,0.092,0.092,0,,0.077,0.121,0.097,0.119,,123,112,0.779
197,OpenPepXL_38,P0AGE9,,,false,P0A836,P0A836,,false,M(Oxidation)GHAGAIIAGGKGTADEK,MNLHEYQAK,244,0,11,0,254,,TT - T - M(Oxidation)GHAGAIIAGGKGTADEK xl T - MNLHEYQAK,,0.779,false,true,false,false,Between > 4 ,0.092,0.092,0,,0.077,0.166,0,0,,122,296,0.779
183,OpenPepXL_135,P0AG55,,,false,Q46892,Q46892,,false,KLQLVGVGYR,VAKISPLK,85,134,1,2,85,135,TT - T - KLQLVGVGYR xl T - VAKISPLK,,0.779,false,true,false,false,Between > 4 ,0.092,0.092,0,,0.077,0.13,0.097,0.119,,121,111,0.779
132,OpenPepXL_62,P0AFG6,,,false,Q6P587,Q6P587,,false,APAKESAPAAAAPAAQPALAAR,LKLWLK,152,145,3,1,154,145,TT - T - APAKESAPAAAAPAAQPALAAR xl T - LKLWLK,,0.778,false,true,false,false,Between > 4 ,0.092,0.092,0,,0.077,0.077,0.097,0.119,,120,110,0.778
191,OpenPepXL_288,P0A9P0,,,false,P0AFG3,P0AFG3,,false,GVHEGHVAAEVIAGKK,M(Oxidation)QNSALK,323,0,14,0,336,,TT - T - GVHEGHVAAEVIAGKK xl T - M(Oxidation)QNSALK,,0.777,false,true,false,false,Between > 4 ,0.092,0.092,0,,0.167,0.156,0.097,0.119,,119,109,0.777
190,OpenPepXL_194,P0A7L0,,,false,Q8N5M9,Q8N5M9,,false,AKPTQAKGVYIKK,MASRAGPR,198,0,6,0,203,,TT - T - AKPTQAKGVYIKK xl T - MASRAGPR,,0.777,false,true,false,false,Between > 4 ,0.092,0.092,0,,0.077,0.077,0.097,0.119,,118,108,0.777
189,OpenPepXL_375,P0A6X7,,,false,P0A7U3,P0A7U3,,false,NPKTGEDIPITAR,GHAADKK,63,81,2,5,64,85,TT - T - NPKTGEDIPITAR xl T - GHAADKK,,0.777,false,true,false,false,Between > 4 ,0.092,0.092,0,,0.116,0.077,0.097,0.119,,117,107,0.777
188,OpenPepXL_247,P0A8T7,,,false,P0A8V2,P0A8V2,,false,DLLKFLK,TKMYK,2,1301,3,1,4,1301,TT - T - DLLKFLK xl T - TKMYK,,0.777,false,true,false,false,Between > 4 ,0.092,0.092,0,,0.157,0.157,0.097,0,,116,38,0.777
187,OpenPepXL_264,P0A8M6,,,false,Q9UNS2,Q9UNS2,,false,NAELSKER,KNIQR,82,304,5,0,86,,TT - T - NAELSKER xl T - KNIQR,,0.777,false,true,false,false,Between > 4 ,0.092,0.092,0,,0.116,0.117,0.097,0.119,,115,105,0.777
186,OpenPepXL_185,P60422,,,false,P0A7K2,P0A7K2,,false,SANIALVLYKDGER,VAVIKAVR,87,66,9,4,95,69,TT - T - SANIALVLYKDGER xl T - VAVIKAVR,,0.777,false,true,false,false,Between > 4 ,0.092,0.092,0,,0.077,0.077,0.097,0.119,,114,104,0.777
185,OpenPepXL_97,P0A9K3,,,false,decoy:sp|P37645|YHJG_ECOLI,decoy:sp|P37645|YHJG_ECOLI,decoy,true,KREEQEQK,KQESRK,338,299,1,3,338,301,TD - T - KREEQEQK xl D - KQESRK,,0.777,true,false,true,false,Between > 4 ,0.092,0.092,0,,0.079,0.166,0.097,0.119,,113,103,0.777
182,OpenPepXL_24,P0A7N4,,,false,P61175,P61175,,false,TSGEKHLR,KAAVLVKK,32,41,4,6,35,46,TT - T - TSGEKHLR xl T - KAAVLVKK,,0.776,false,true,false,false,Between > 4 ,0.092,0.092,0,,0.123,0.077,0.097,0,,112,102,0.776
181,OpenPepXL_396,P0A7R9,,,false,P0AG67,P0AG67,,false,EYGIKNLEVMVK,NIHPSK,75,314,4,4,78,317,TT - T - EYGIKNLEVMVK xl T - NIHPSK,,0.776,false,true,false,false,Between > 4 ,0.092,0.092,0,,0.077,0.077,0.097,0,,111,101,0.776
179,OpenPepXL_268,P0A8N3,,,false,decoy:sp|Q9H106|SIRPD_HUMAN,decoy:sp|Q9H106|SIRPD_HUMAN,decoy,true,TKTGELSIHC(Carbamidomethyl)TELR,GKIFK,130,74,1,1,130,74,TD - T - TKTGELSIHC(Carbamidomethyl)TELR xl D - GKIFK,,0.776,true,false,true,false,Between > 4 ,0.092,0.092,0,,0.157,0.099,0.097,0.119,,110,100,0.776
178,OpenPepXL_74,P24238,,,false,P0A7J7,P0A7J7,,false,KLYHTGFKYESSR,TPPAAVLLKK,102,72,1,8,102,79,TT - T - KLYHTGFKYESSR xl T - TPPAAVLLKK,,0.776,false,true,false,false,Between > 4 ,0.092,0.092,0,,0.077,0.167,0.097,0.119,,109,99,0.776
177,OpenPepXL_122,P0ACF0,,,false,P0A7J7,P0A7J7,,false,NPQTGKEIK,SGSGKPNK,61,87,5,4,65,90,TT - T - NPQTGKEIK xl T - SGSGKPNK,,0.776,false,true,false,false,Between > 4 ,0.092,0.092,0,,0.077,0.167,0.097,0.119,,108,98,0.776
175,OpenPepXL_172,P16703,,,false,P0A853,P0A853,,false,M(Oxidation)KLLM(Oxidation)PDNM(Oxidation)SQERR,FAENAYFIKQR,86,230,1,8,86,237,TT - T - M(Oxidation)KLLM(Oxidation)PDNM(Oxidation)SQERR xl T - FAENAYFIKQR,,0.775,false,true,false,false,Between > 4 ,0.092,0.092,0,,0.077,0.077,0.097,0.119,,107,97,0.775
25,OpenPepXL_10,P0AG67,,,false,P77414,P77414,,false,M(Oxidation)TESFAQLFEESLK,DKFDR,0,232,1,1,0,232,TT - T - M(Oxidation)TESFAQLFEESLK xl T - DKFDR,,0.775,false,true,false,false,Between > 4 ,0.092,0.092,0,,0.077,0.123,0.097,0.119,,106,96,0.775
173,OpenPepXL_115,P0A7V0,,,false,P35638,P35638,,false,LKDLETQSQDGTFDKLTKK,AGKQR,113,114,14,2,126,115,TT - T - LKDLETQSQDGTFDKLTKK xl T - AGKQR,,0.775,false,true,false,false,Between > 4 ,0.092,0.092,0,,0.116,0.077,0.097,0.119,,105,95,0.775
171,OpenPepXL_212,P0A7U3,,,false,P0A705,P0A705,,false,AVESGDKKPLR,FKDDVNEVR,21,847,7,1,27,847,TT - T - AVESGDKKPLR xl T - FKDDVNEVR,,0.774,false,true,false,false,Between > 4 ,0.092,0.092,0,,0.077,0.077,0.097,0,,104,45,0.774
169,OpenPepXL_121,P0A7J3,,,false,P0A7K2,P0A7K2,,false,GVTVDKMTELRK,VAVIKAVR,31,66,5,4,35,69,TT - T - GVTVDKMTELRK xl T - VAVIKAVR,,0.774,false,true,false,false,Between > 4 ,0.092,0.092,0,,0.166,0.077,0.097,0,,103,62,0.774
168,OpenPepXL_412,P0ADZ7,,,false,P77399,P77399,,false,KLMDSIAK,KTEHK,50,234,1,1,50,234,TT - T - KLMDSIAK xl T - KTEHK,,0.774,false,true,false,false,Between > 4 ,0.092,0.092,0,,0.116,0.149,0.097,0.119,,102,92,0.774
155,OpenPepXL_123,P0AFG6,,,false,P0AFG3,P0AFG3,,false,HLAKAPAK,M(Oxidation)QNSALK,148,0,3,0,150,,TT - T - HLAKAPAK xl T - M(Oxidation)QNSALK,,0.773,false,true,false,false,Between > 4 ,0.092,0.092,0,,0.077,0.156,0.097,0,,101,42,0.773
166,OpenPepXL_141,P0AE08,,,false,Q96HH9,Q96HH9,,false,NGEFIEITEKDTEGR,ISIPAFSVTLIK,17,162,9,8,25,169,TT - T - NGEFIEITEKDTEGR xl T - ISIPAFSVTLIK,,0.773,false,true,false,false,Between > 4 ,0.092,0.092,0,,0.077,0.163,0.097,0.119,,100,90,0.773
164,OpenPepXL_312,P0AFG3,,,false,Q7L211,Q7L211,,false,KPQDLFDEFAGKHK,YLPLWC(Carbamidomethyl)YKNK,273,236,11,6,283,241,TT - T - KPQDLFDEFAGKHK xl T - YLPLWC(Carbamidomethyl)YKNK,,0.772,false,true,false,false,Between > 4 ,0.092,0.092,0,,0.156,0.077,0.097,0.119,,99,89,0.772
159,OpenPepXL_248,P0A7Z4,,,false,Q46819,Q46819,,false,VQGKDEVILTLNK,LKVQR,91,40,3,1,93,40,TT - T - VQGKDEVILTLNK xl T - LKVQR,,0.772,false,true,false,false,Between > 4 ,0.092,0.092,0,,0.099,0.116,0.097,0,,98,88,0.772
158,OpenPepXL_347,P0A7V0,,,false,P0ACF4,P0ACF4,,false,DMLKAGVHFGHQTR,IAAGADISKAAAGR,7,9,3,8,9,16,TT - T - DMLKAGVHFGHQTR xl T - IAAGADISKAAAGR,,0.771,false,true,false,false,Between > 4 ,0.092,0.092,0,,0.116,0.116,0.097,0.119,,97,87,0.771
157,OpenPepXL_387,P0AGE9,,,false,Q8N6T3,Q8N6T3,,false,EHVTKPVVGYIAGVTAPKGK,WKDIELEKMK,223,66,17,7,239,72,TT - T - EHVTKPVVGYIAGVTAPKGK xl T - WKDIELEKMK,,0.771,false,true,false,false,Between > 4 ,0.092,0.092,0,,0.077,0.151,0.097,0.119,,96,86,0.771
150,OpenPepXL_138,P52132;P77206,;,;,false,P0A7J7,P0A7J7,,false,VVPSVFSEDKHESR,TPPAAVLLKK,27;27,72,3,8,29;29,79,TT - T - VVPSVFSEDKHESR xl T - TPPAAVLLKK,,0.769,false,true,false,false,Between > 4 ,0.092,0.092,0,,0.077,0.167,0.097,0.119,,95,85,0.769
148,OpenPepXL_390,P0ACF0,,,false,P0A7S3,P0A7S3,,false,NPQTGKEIK,KPNSALRK,61,43,3,0,63,,TT - T - NPQTGKEIK xl T - KPNSALRK,,0.769,false,true,false,false,Between > 4 ,0.092,0.092,0,,0.077,0.157,0.097,0.119,,94,84,0.769
147,OpenPepXL_201,P25519,,,false,P0ADY3,P0ADY3,,false,KAPHPK,KGDVLK,49,53,1,0,49,,TT - T - KAPHPK xl T - KGDVLK,,0.769,false,true,false,false,Between > 4 ,0.092,0.092,0,,0.077,0.163,0.097,0.119,,93,83,0.769
145,OpenPepXL_31,P08048,,,false,P0ADZ4,P0ADZ4,,false,C(Carbamidomethyl)KRC(Carbamidomethyl)RK,KDHHSR,716,47,1,0,716,,TT - T - C(Carbamidomethyl)KRC(Carbamidomethyl)RK xl T - KDHHSR,,0.768,false,true,false,false,Between > 4 ,0.092,0.092,0,,0.077,0.151,0.097,0.119,,92,82,0.768
144,OpenPepXL_77,P0A9P0,,,false,P52061,P52061,,false,VINQLTGGLAGMAKGR,NLQKLLETMK,92,97,13,3,104,99,TT - T - VINQLTGGLAGMAKGR xl T - NLQKLLETMK,,0.768,false,true,false,false,Between > 4 ,0.092,0.092,0,,0.167,0.077,0.097,0.119,,91,81,0.768
143,OpenPepXL_180,P0A8E5,,,false,P0A8T7,P0A8T7,,false,DITGVVKVR,KPETINYR,7,39,6,0,12,,TT - T - DITGVVKVR xl T - KPETINYR,,0.768,false,true,false,false,Between > 4 ,0.092,0.092,0,,0.077,0.157,0.097,0.119,,90,80,0.768
142,OpenPepXL_22,P0AFG6,,,false,P0AFG3,P0AFG3,,false,EDVEKHLAK,KHPTPR,143,478,4,0,146,,TT - T - EDVEKHLAK xl T - KHPTPR,,0.768,false,true,false,false,Between > 4 ,0.092,0.092,0,,0.077,0.156,0.097,0,,89,42,0.768
138,OpenPepXL_137,P0A836,,,false,A1YPR0,A1YPR0,,false,MNLHEYQAK,LKIHM(Oxidation)RK,0,406,1,1,0,406,TT - T - MNLHEYQAK xl T - LKIHM(Oxidation)RK,,0.767,false,true,false,false,Between > 4 ,0.092,0.092,0,,0.166,0.077,0.097,0.119,,88,78,0.767
137,OpenPepXL_191,Q9UI46,,,false,P0A7S9,P0A7S9,,false,MPKEKK,KPIKK,664,113,4,3,667,115,TT - T - MPKEKK xl T - KPIKK,,0.766,false,true,false,false,Between > 4 ,0.092,0.092,0,,0.149,0.077,0.097,0.119,,87,77,0.766
136,OpenPepXL_140,P0A7V0,,,false,P76053,P76053,,false,DMLKAGVHFGHQTR,MNLDDK,7,0,3,0,9,,TT - T - DMLKAGVHFGHQTR xl T - MNLDDK,,0.766,false,true,false,false,Between > 4 ,0.092,0.092,0,,0.116,0.077,0.097,0.119,,86,76,0.766
135,OpenPepXL_181,P09373,,,false,Q8NHV4,Q8NHV4,,false,TMLYAINGGVDEKLK,IADSIGNNR,441,570,12,3,452,572,TT - T - TMLYAINGGVDEKLK xl T - IADSIGNNR,,0.766,false,true,false,false,Between > 4 ,0.092,0.092,0,,0.077,0.077,0.097,0.119,,85,75,0.766
116,OpenPepXL_238,P0A6F9,,,false,Q9BZW5,Q9BZW5,,false,MNIRPLHDR,VLVKR,0,51,1,3,0,53,TT - T - MNIRPLHDR xl T - VLVKR,,0.765,false,true,false,false,Between > 4 ,0.092,0.092,0,,0.077,0.077,0,0,,14,292,0.765
130,OpenPepXL_353,P0ACF4,,,false,P0A7U3,P0A7U3,,false,IAAGADISKAAAGR,GHAADKK,9,81,8,5,16,85,TT - T - IAAGADISKAAAGR xl T - GHAADKK,,0.765,false,true,false,false,Between > 4 ,0.092,0.092,0,,0.116,0.077,0.097,0,,83,74,0.765
129,OpenPepXL_210,P0A7W7,,,false,P0A7V0,P0A7V0,,false,NGQAANKAAVTMPSSK,MKPFIFGAR,15,26,6,1,20,26,TT - T - NGQAANKAAVTMPSSK xl T - MKPFIFGAR,,0.765,false,true,false,false,Between > 4 ,0.092,0.092,0,,0.077,0.116,0.097,0,,82,73,0.765
127,OpenPepXL_408,P0ACF0,,,false,P60422,P60422,,false,TGRNPQTGKEIK,KVEADC(Carbamidomethyl)R,58,182,8,0,65,,TT - T - TGRNPQTGKEIK xl T - KVEADC(Carbamidomethyl)R,,0.765,false,true,false,false,Between > 4 ,0.092,0.092,0,,0.077,0.077,0.097,0,,81,72,0.765
126,OpenPepXL_136,P0A7Z4,,,false,P33341,P33341,,false,MQGSVTEFLKPR,KPWFIK,0,748,1,0,0,,TT - T - MQGSVTEFLKPR xl T - KPWFIK,,0.765,false,true,false,false,Between > 4 ,0.092,0.092,0,,0.099,0.157,0.097,0.119,,80,71,0.765
125,OpenPepXL_302,P0A836,,,false,P0AGE9,P0AGE9,,false,VAEETPHLIHKVALDPLTGPMPYQGR,MGHAGAIIAGGKGTADEK,135,244,10,11,144,254,TT - T - VAEETPHLIHKVALDPLTGPMPYQGR xl T - MGHAGAIIAGGKGTADEK,,0.763,false,true,false,false,Between > 4 ,0.092,0.092,0,,0.166,0.077,0,0,,43,296,0.763
123,OpenPepXL_359,P0A6Z3,,,false,Q8N8Q1,Q8N8Q1,,false,VSFDKDKR,LTRWLRR,66,17,6,1,71,17,TT - T - VSFDKDKR xl T - LTRWLRR,,0.763,false,true,false,false,Between > 4 ,0.092,0.092,0,,0.116,0.077,0.097,0.119,,78,70,0.763
122,OpenPepXL_23,P0A7N9,,,false,P0A7L0,P0A7L0,,false,QHVIYKEAK,KAKPTQAK,44,197,5,0,48,,TT - T - QHVIYKEAK xl T - KAKPTQAK,,0.763,false,true,false,false,Between > 4 ,0.092,0.092,0,,0.116,0.077,0.097,0.119,,77,69,0.763
100,OpenPepXL_354,P06959,,,false,P0AFG8,P0AFG8,,false,ELMTISKK,GGHDPKK,524,362,6,5,529,366,TT - T - ELMTISKK xl T - GGHDPKK,,0.762,false,true,false,false,Between > 4 ,0.092,0.092,0,,0.157,0.157,0.097,0.119,,76,68,0.762
120,OpenPepXL_65,P0A7Z4,,,false,P0A7R5,P0A7R5,,false,TPNLGKK,MQNQR,291,0,5,0,295,,TT - T - TPNLGKK xl T - MQNQR,,0.762,false,true,false,false,Between > 4 ,0.092,0.092,0,,0.099,0.077,0.097,0.119,,75,67,0.762
113,OpenPepXL_381,P0A786,,,false,P0A7F3,P0A7F3,,false,LDNLHVAMVGDLKYGR,YC(Carbamidomethyl)EKEFSHNVVLAN,152,139,12,0,163,,TT - T - LDNLHVAMVGDLKYGR xl T - YC(Carbamidomethyl)EKEFSHNVVLAN,,0.761,false,true,false,false,Between > 4 ,0.092,0.092,0,,0.157,0.077,0.097,0,,74,66,0.761
109,OpenPepXL_63,P0A6L4,,,false,P05976;P10916;Q9H511,P05976;P10916;Q9H511,;;,false,IKLIAHVGC(Carbamidomethyl)VSTAESQQLAASAK,MAPKK,73,0;0;0,1,0,73,,TT - T - IKLIAHVGC(Carbamidomethyl)VSTAESQQLAASAK xl T - MAPKK,,0.76,false,true,false,false,Between > 4 ,0.092,0.092,0,,0.149,0.123,0.097,0.119,,73,65,0.76
108,OpenPepXL_307,P0A6Z1,,,false,P0ACD4,P0ACD4,,false,RALKGHSVDEV,GKSLDEAQAIK,605,78,3,1,607,78,TT - T - RALKGHSVDEV xl T - GKSLDEAQAIK,,0.758,false,true,false,false,Between > 4 ,0.092,0.092,0,,0.077,0.166,0.097,0.119,,72,64,0.758
106,OpenPepXL_320,P0AG67,,,false,P02359,P02359,,false,DTLHLEGKELEFK,MAEANKAFAHYR,142,143,7,5,148,147,TT - T - DTLHLEGKELEFK xl T - MAEANKAFAHYR,,0.757,false,true,false,false,Between > 4 ,0.092,0.092,0,,0.077,0.079,0.097,0,,71,47,0.757
105,OpenPepXL_143,P0A7K2,,,false,P0A7J3,P0A7J3,,false,EGVSKDDAEALKK,EFAKANAK,96,97,11,3,106,99,TT - T - EGVSKDDAEALKK xl T - EFAKANAK,,0.756,false,true,false,false,Between > 4 ,0.092,0.092,0,,0.077,0.166,0.097,0,,70,62,0.756
104,OpenPepXL_334,P09373,,,false,Q02218,Q02218,,false,LATAWEGFTKGDWQNEVNVR,M(Oxidation)FHLR,7,0,9,0,15,,TT - T - LATAWEGFTKGDWQNEVNVR xl T - M(Oxidation)FHLR,,0.755,false,true,false,false,Between > 4 ,0.092,0.092,0,,0.077,0.077,0.097,0.119,,69,61,0.755
103,OpenPepXL_313,P0A9M8,,,false,P0A9Q1,P0A9Q1,,false,ISKLC(Carbamidomethyl)ER,ELKPHDR,314,192,2,2,315,193,TT - T - ISKLC(Carbamidomethyl)ER xl T - ELKPHDR,,0.755,false,true,false,false,Between > 4 ,0.092,0.092,0,,0.167,0.13,0.097,0.119,,68,60,0.755
102,OpenPepXL_195,P0A7S3,,,false,P69222,P69222,,false,KPNSALRK,KNYIR,43,41,1,0,43,,TT - T - KPNSALRK xl T - KNYIR,,0.755,false,true,false,false,Between > 4 ,0.092,0.092,0,,0.157,0.163,0.097,0.119,,67,59,0.755
99,OpenPepXL_377,P04079,,,false,P0AER0,P0AER0,,false,KYDWVVSLR,KLIGR,464,252,1,0,464,,TT - T - KYDWVVSLR xl T - KLIGR,,0.754,false,true,false,false,Between > 4 ,0.092,0.092,0,,0.077,0.166,0.097,0.119,,66,58,0.754
98,OpenPepXL_352,P0A7S9,,,false,P0A7U3,P0A7U3,,false,EISMSIKR,GHAADKK,71,81,6,5,76,85,TT - T - EISMSIKR xl T - GHAADKK,,0.754,false,true,false,false,Between > 4 ,0.092,0.092,0,,0.077,0.077,0,0,,58,295,0.754
97,OpenPepXL_197,P0A6Y1,,,false,P0A7V3,P0A7V3,,false,TGRNPKTGDKVELEGK,ELAKASVSR,59,45,5,3,63,47,TT - T - TGRNPKTGDKVELEGK xl T - ELAKASVSR,,0.753,false,true,false,false,Between > 4 ,0.092,0.092,0,,0.167,0.13,0.097,0.119,,64,57,0.753
95,OpenPepXL_132,P0A6F5,,,false,Q3C1V8,Q3C1V8,,false,SFGAPTITKDGVSVAR,RMKHKK,42,161,12,4,53,164,TT - T - SFGAPTITKDGVSVAR xl T - RMKHKK,,0.753,false,true,false,false,Between > 4 ,0.092,0.092,0,,0.077,0.077,0.097,0.119,,63,56,0.753
93,OpenPepXL_407,P0A7Y8,,,false,Q8WXU2;P36999,Q8WXU2;P36999,;,false,QHELPAMDFVVVAKK,AAAKR,76,118;123,13,3,88,120;125,TT - T - QHELPAMDFVVVAKK xl T - AAAKR,,0.752,false,true,false,false,Between > 4 ,0.092,0.092,0,,0.156,0.116,0.097,0.119,,62,55,0.752
92,OpenPepXL_47,P0AG67,,,false,P0A7X3,P0A7X3,,false,DTLHLEGKELEFK,RPQFSKR,142,123,7,5,148,127,TT - T - DTLHLEGKELEFK xl T - RPQFSKR,,0.752,false,true,false,false,Between > 4 ,0.092,0.092,0,,0.077,0.116,0.097,0.119,,61,54,0.752
91,OpenPepXL_393,P0AG55,,,false,P0A7K2,P0A7K2,,false,RPEPYKGK,VAVIKAVR,152,66,5,4,156,69,TT - T - RPEPYKGK xl T - VAVIKAVR,,0.752,false,true,false,false,Between > 4 ,0.092,0.092,0,,0.077,0.077,0.097,0,,60,44,0.752
90,OpenPepXL_305,P0A6M8,,,false,P13029,P13029,,false,IVQMHANKR,YIGPEVPK,362,421,7,0,368,,TT - T - IVQMHANKR xl T - YIGPEVPK,,0.752,false,true,false,false,Between > 4 ,0.092,0.092,0,,0.151,0.123,0.097,0.119,,59,52,0.752
89,OpenPepXL_193,P0A7S9,,,false,P0A7U3,P0A7U3,,false,EISM(Oxidation)SIKR,GHAADKK,71,81,6,5,76,85,TT - T - EISM(Oxidation)SIKR xl T - GHAADKK,,0.752,false,true,false,false,Between > 4 ,0.092,0.092,0,,0.077,0.077,0,0,,58,295,0.752
88,OpenPepXL_68,P0A705,,,false,P0A7V3,P0A7V3,,false,RKLEEEAR,KGEDVEK,192,79,1,0,192,,TT - T - RKLEEEAR xl T - KGEDVEK,,0.752,false,true,false,false,Between > 4 ,0.092,0.092,0,,0.077,0.13,0.097,0,,57,18,0.752
87,OpenPepXL_207,P0A9T0,,,false,P0C7L2,P0C7L2,,false,ALQAMKAIPGTIR,GLKAPFR,392,236,5,2,396,237,TT - T - ALQAMKAIPGTIR xl T - GLKAPFR,,0.751,false,true,false,false,Between > 4 ,0.092,0.092,0,,0.077,0.077,0.097,0.119,,56,50,0.751
52,OpenPepXL_405,Q02246,,,false,P0ABP8,P0ABP8,,false,WLRNGEPLASQNR,AKYIAETFLEDAR,359,25,9,1,367,25,TT - T - WLRNGEPLASQNR xl T - AKYIAETFLEDAR,,0.751,false,true,false,false,Between > 4 ,0.092,0.092,0,,0.116,0.082,0.097,0.119,,55,49,0.751
85,OpenPepXL_196,P0A707,,,false,P0A7S9,P0A7S9,,false,AKITLR,KPIKK,123,113,1,3,123,115,TT - T - AKITLR xl T - KPIKK,,0.751,false,true,false,false,Between > 4 ,0.092,0.092,0,,0.157,0.077,0.097,0,,54,41,0.751
84,OpenPepXL_300,P0AG67,,,false,P02359,P02359,,false,VKHPSEIVNVGDEITVK,MAEANKAFAHYR,227,143,1,5,227,147,TT - T - VKHPSEIVNVGDEITVK xl T - MAEANKAFAHYR,,0.75,false,true,false,false,Between > 4 ,0.092,0.092,0,,0.077,0.079,0.097,0,,53,47,0.75
83,OpenPepXL_127,P04079,,,false,P0A940;P62316,P0A940;P62316,;,false,SHHNVGGLPK,KLLGR,356,309;50,1,0,356,,TT - T - SHHNVGGLPK xl T - KLLGR,,0.75,false,true,false,false,Between > 4 ,0.092,0.092,0,,0.077,0.077,0.097,0.119,,52,46,0.75
82,OpenPepXL_51,P0A705,,,false,P0A7U3,P0A7U3,,false,FKDDVNEVR,GHAADKK,847,81,1,5,847,85,TT - T - FKDDVNEVR xl T - GHAADKK,,0.749,false,true,false,false,Between > 4 ,0.092,0.092,0,,0.077,0.077,0.097,0,,51,45,0.749
81,OpenPepXL_131,P0AG55,,,false,P0A7K2,P0A7K2,,false,INGQVITIKGK,VAVIKAVR,18,66,8,4,25,69,TT - T - INGQVITIKGK xl T - VAVIKAVR,,0.749,false,true,false,false,Between > 4 ,0.092,0.092,0,,0.077,0.077,0.097,0,,50,44,0.749
80,OpenPepXL_128,P0ACF4,,,false,P0ACF0,P0ACF0,,false,TGRNPQTGKEITIAAAK,TGRNPQTGKEIK,58,58,8,8,65,65,TT - T - TGRNPQTGKEITIAAAK xl T - TGRNPQTGKEIK,,0.748,false,true,false,false,Between > 4 ,0.092,0.092,0,,0.116,0.077,0,0,,49,310,0.748
72,OpenPepXL_178,P0A7Z4,,,false,P0AFF6,P0AFF6,,false,KSLTEIKDVLASR,KKYEQEIDVR,297,36,1,1,297,36,TT - T - KSLTEIKDVLASR xl T - KKYEQEIDVR,,0.748,false,true,false,false,Between > 4 ,0.092,0.092,0,,0.099,0.156,0.097,0,,48,43,0.748
77,OpenPepXL_126,P0AFG6,,,false,P0AFG3,P0AFG3,,false,KPGDAVVR,KHPTPR,25,478,1,0,25,,TT - T - KPGDAVVR xl T - KHPTPR,,0.747,false,true,false,false,Between > 4 ,0.092,0.092,0,,0.077,0.156,0.097,0,,47,42,0.747
75,OpenPepXL_89,P0A707,,,false,P0A7S9,P0A7S9,,false,VKDDLQELAVVESFPTKIEGR,KPIKK,147,113,16,0,162,,TT - T - VKDDLQELAVVESFPTKIEGR xl T - KPIKK,,0.746,false,true,false,false,Between > 4 ,0.092,0.092,0,,0.157,0.077,0.097,0,,46,41,0.746
73,OpenPepXL_130,P0ACF4,,,false,P13518,P13518,,false,IAAGADISKAAAGR,TLIEQMLSR,9,400,8,0,16,,TT - T - IAAGADISKAAAGR xl T - TLIEQMLSR,,0.745,false,true,false,false,Between > 4 ,0.092,0.092,0,,0.116,0.077,0.097,0.119,,45,40,0.745
70,OpenPepXL_34,P09831,,,false,Q7Z4R8,Q7Z4R8,,false,KNHYHGLPFK,M(Oxidation)AAPRGR,1125,0,1,0,1125,,TT - T - KNHYHGLPFK xl T - M(Oxidation)AAPRGR,,0.743,false,true,false,false,Between > 4 ,0.092,0.092,0,,0.086,0.077,0.097,0.119,,44,39,0.743
69,OpenPepXL_301,P0A836,,,false,P0AGE9,P0AGE9,,false,VAEETPHLIHKVALDPLTGPMPYQGR,M(Oxidation)GHAGAIIAGGKGTADEK,135,244,10,11,144,254,TT - T - VAEETPHLIHKVALDPLTGPMPYQGR xl T - M(Oxidation)GHAGAIIAGGKGTADEK,,0.743,false,true,false,false,Between > 4 ,0.092,0.092,0,,0.166,0.077,0,0,,43,296,0.743
67,OpenPepXL_363,P0A8V2,,,false,P0A8T7,P0A8T7,,false,SPGVFFDSDKGKTHSSGK,TFHIGGAASR,151,933,11,0,161,,TT - T - SPGVFFDSDKGKTHSSGK xl T - TFHIGGAASR,,0.742,false,true,false,false,Between > 4 ,0.092,0.092,0,,0.157,0.157,0.097,0,,42,38,0.742
65,OpenPepXL_350,P0A7K6,,,false,P17443,P17443,,false,TGKAAR,ISGLR,103,61,2,1,104,61,TT - T - TGKAAR xl T - ISGLR,,0.741,false,true,false,false,Between > 4 ,0.092,0.092,0,,0.086,0.077,0.097,0.119,,41,37,0.741
64,OpenPepXL_66,P45759,,,false,P02358,P02358,,false,ETASDIHIETYEKTM(Oxidation)SIRFRIDGVLR,HAVTEASPMVKAK,121,93,3,10,123,102,TT - T - ETASDIHIETYEKTM(Oxidation)SIRFRIDGVLR xl T - HAVTEASPMVKAK,,0.741,false,true,false,false,Between > 4 ,0.092,0.092,0,,0.077,0.133,0.097,0.119,,40,36,0.741
63,OpenPepXL_425,P04079,,,false,Q9P1C3,Q9P1C3,,false,KYDWVVSLR,KILGR,464,9,1,0,464,,TT - T - KYDWVVSLR xl T - KILGR,,0.74,false,true,false,false,Between > 4 ,0.092,0.092,0,,0.077,0.077,0.097,0.119,,39,35,0.74
62,OpenPepXL_420,P0A7V8,,,false,Q01449,Q01449,,false,EKPTWLEVDAGKM(Oxidation)EGTFK,KAGTR,165,4,11,0,175,,TT - T - EKPTWLEVDAGKM(Oxidation)EGTFK xl T - KAGTR,,0.74,false,true,false,false,Between > 4 ,0.092,0.092,0,,0.077,0.116,0.097,0,,38,34,0.74
59,OpenPepXL_358,P0AG59,,,false,A6NEQ2,A6NEQ2,,false,VALADKYFAK,KVNHR,13,89,5,0,17,,TT - T - VALADKYFAK xl T - KVNHR,,0.738,false,true,false,false,Between > 4 ,0.092,0.092,0,,0.156,0.077,0.097,0.119,,37,33,0.738
58,OpenPepXL_376,P0A9G6,,,false,Q969F0,Q969F0,,false,TDADAADLITSDC(Carbamidomethyl)DPYDSEFITGER,M(Oxidation)AGGPPNTK,232,0,10,0,241,,TT - T - TDADAADLITSDC(Carbamidomethyl)DPYDSEFITGER xl T - M(Oxidation)AGGPPNTK,,0.738,false,true,false,false,Between > 4 ,0.092,0.092,0,,0.077,0.077,0.097,0.119,,36,32,0.738
55,OpenPepXL_413,P0A6Y1,,,false,P0A7W1,P0A7W1,,false,NPKTGDKVELEGK,TVKGGR,62,23,2,2,63,24,TT - T - NPKTGDKVELEGK xl T - TVKGGR,,0.736,false,true,false,false,Between > 4 ,0.092,0.092,0,,0.167,0.157,0.097,0.119,,35,31,0.736
54,OpenPepXL_220,P30870,,,false,P0ABP8,P0ABP8,,false,YGKPNHLNEREGR,AKYIAETFLEDAR,668,25,1,1,668,25,TT - T - YGKPNHLNEREGR xl T - AKYIAETFLEDAR,,0.735,false,true,false,false,Between > 4 ,0.092,0.092,0,,0.077,0.082,0.097,0.119,,34,30,0.735
53,OpenPepXL_18,P04792,,,false,P0A853,P0A853,,false,QDEHGYISRC(Carbamidomethyl)FTRK,FAENAYFIKQR,127,230,11,8,137,237,TT - T - QDEHGYISRC(Carbamidomethyl)FTRK xl T - FAENAYFIKQR,,0.733,false,true,false,false,Between > 4 ,0.092,0.092,0,,0.166,0.077,0.097,0.119,,33,29,0.733
51,OpenPepXL_79,P0A9A9,,,false,P35625,P35625,,false,EIAAKHGIR,YHLGC(Carbamidomethyl)NC(Carbamidomethyl)K,112,138,4,0,115,,TT - T - EIAAKHGIR xl T - YHLGC(Carbamidomethyl)NC(Carbamidomethyl)K,,0.732,false,true,false,false,Between > 4 ,0.092,0.092,0,,0.116,0.166,0.097,0.119,,32,28,0.732
50,OpenPepXL_411,P09162,,,false,P0A6V1,P0A6V1,,false,DLESKR,KLGHK,16,423,4,0,19,,TT - T - DLESKR xl T - KLGHK,,0.732,false,true,false,false,Between > 4 ,0.092,0.092,0,,0.157,0.166,0.097,0.119,,31,27,0.732
49,OpenPepXL_416,P0AEU7,,,false,P0A7L0,P0A7L0,,false,TKLEKDVMAQR,KSDQNVR,80,53,4,0,83,,TT - T - TKLEKDVMAQR xl T - KSDQNVR,,0.731,false,true,false,false,Between > 4 ,0.092,0.092,0,,0.077,0.077,0.097,0.119,,30,26,0.731
46,OpenPepXL_417,P00579,,,false,P43307,P43307,,false,EGEIDIAKR,KRAQKR,113,274,7,4,119,277,TT - T - EGEIDIAKR xl T - KRAQKR,,0.731,false,true,false,false,Between > 4 ,0.092,0.092,0,,0.077,0.077,0.097,0.119,,29,25,0.731
45,OpenPepXL_430,P0AG67,,,false,P0A7V0,P0A7V0,,false,MTESFAQLFEESLK,DM(Oxidation)LKAGVHFGHQTR,0,7,1,3,0,9,TT - T - MTESFAQLFEESLK xl T - DM(Oxidation)LKAGVHFGHQTR,,0.731,false,true,false,false,Between > 4 ,0.092,0.092,0,,0.077,0.116,0,0,,28,318,0.731
44,OpenPepXL_235,P0A7R1,,,false,P0ABU9,P0ABU9,,false,RAELEAKLAEVLAAANAR,FWSGIELSR,50,55,6,2,55,56,TT - T - RAELEAKLAEVLAAANAR xl T - FWSGIELSR,,0.73,false,true,false,false,Between > 4 ,0.092,0.092,0,,0.077,0.092,0.097,0.119,,27,24,0.73
43,OpenPepXL_52,P08839,,,false,P0A707;P21499,P0A707;P21499,;,false,KISADQVDQEVER,KGGKR,29,1;749,1,3,29,3;751,TT - T - KISADQVDQEVER xl T - KGGKR,,0.729,false,true,false,false,Between > 4 ,0.092,0.092,0,,0.103,0.151,0.097,0.119,,26,23,0.729
38,OpenPepXL_232,P69931,,,false,Q9UBL0,Q9UBL0,,false,KLTIPFVKEILK,FILKR,220,249,7,3,226,251,TT - T - KLTIPFVKEILK xl T - FILKR,,0.725,false,true,false,false,Between > 4 ,0.092,0.092,0,,0.077,0.077,0.097,0.119,,25,22,0.725
37,OpenPepXL_9,P0AG67,,,false,Q69YU5,Q69YU5,,false,DRVEDATLVLSVGDEVEAKFTGVDR,TELLGLK,485,49,18,0,502,,TT - T - DRVEDATLVLSVGDEVEAKFTGVDR xl T - TELLGLK,,0.724,false,true,false,false,Between > 4 ,0.092,0.092,0,,0.077,0.116,0.097,0.119,,24,21,0.724
35,OpenPepXL_418,P68679,,,false,P0AG67,P0AG67,,false,RSC(Carbamidomethyl)EKAGVLAEVR,LDQKR,20,158,4,3,23,160,TT - T - RSC(Carbamidomethyl)EKAGVLAEVR xl T - LDQKR,,0.724,false,true,false,false,Between > 4 ,0.092,0.092,0,,0.077,0.077,0.097,0.119,,23,20,0.724
33,OpenPepXL_366,P0A7R1,,,false,P55145,P55145,,false,RAELEAKLAEVLAAANAR,FYQDLKDR,50,39,6,5,55,43,TT - T - RAELEAKLAEVLAAANAR xl T - FYQDLKDR,,0.722,false,true,false,false,Between > 4 ,0.092,0.092,0,,0.077,0.151,0.097,0.119,,22,19,0.722
32,OpenPepXL_50,P0AG67,,,false,P0A7R9,P0A7R9,,false,RVKHPSEIVNVGDEITVK,EYGIKNLEVMVK,226,75,2,4,227,78,TT - T - RVKHPSEIVNVGDEITVK xl T - EYGIKNLEVMVK,,0.721,false,true,false,false,Between > 4 ,0.092,0.092,0,,0.077,0.077,0,0,,21,101,0.721
31,OpenPepXL_55,P68066,,,false,P09373,P09373,,false,RETLEDAVKHPEK,VM(Oxidation)EGVKLENR,79,57,8,5,86,61,TT - T - RETLEDAVKHPEK xl T - VM(Oxidation)EGVKLENR,,0.72,false,true,false,false,Between > 4 ,0.092,0.092,0,,0.116,0.077,0,0,,20,316,0.72
30,OpenPepXL_177,P0A705,,,false,P0A7V3,P0A7V3,,false,MAEENKWTDNAEPTEDSSDYHVTTSQHAR,KPELDAK,208,107,17,0,224,,TT - T - MAEENKWTDNAEPTEDSSDYHVTTSQHAR xl T - KPELDAK,,0.719,false,true,false,false,Between > 4 ,0.092,0.092,0,,0.077,0.13,0.097,0,,19,18,0.719
26,OpenPepXL_372,P21179,,,false,Q8IWT0;P24181,Q8IWT0;P24181,;,false,GVHAKLLYSR,AIKAK,626,18;304,4,2,629,19;305,TT - T - GVHAKLLYSR xl T - AIKAK,,0.705,false,true,false,false,Between > 4 ,0.092,0.092,0,,0.077,0.077,0.097,0,,18,17,0.705
23,OpenPepXL_438,decoy:sp|P0AD30|YFCA_ECOLI,decoy:,decoy,true,P0A6G7;Q32MQ0;P11458,P0A6G7;Q32MQ0;P11458,;;,false,ILKQGK,LLKER,31,36;2;35,2,2,32,37;3;36,TD - D - ILKQGK xl T - LLKER,,0.701,true,false,true,false,Between > 4 ,0.092,0.093,0,,0.115,0.077,0.097,0.119,,17,16,0.701
22,OpenPepXL_470,P02359,,,false,P68679;P0AEJ6,P68679;P0AEJ6,;,false,GTAVKK,M(Oxidation)PVIK,131,0;140,4,0,134,,TT - T - GTAVKK xl T - M(Oxidation)PVIK,,0.688,false,true,false,false,Between > 4 ,0.092,0.092,-0.125,,0.079,0.082,0.097,0.119,,16,15,0.688
20,OpenPepXL_370,P0AG67,,,false,A6NKC0,A6NKC0,,false,M(Oxidation)TESFAQLFEESLK,M(Oxidation)MARR,0,0,1,0,0,,TT - T - M(Oxidation)TESFAQLFEESLK xl T - M(Oxidation)MARR,,0.675,false,true,false,false,Between > 4 ,0.092,0.092,-0.143,,0.077,0.156,0.097,0.119,,15,14,0.675
11,OpenPepXL_371,P0A6F9,,,false,Q9BZW5,Q9BZW5,,false,M(Oxidation)NIRPLHDR,VLVKR,0,51,1,3,0,53,TT - T - M(Oxidation)NIRPLHDR xl T - VLVKR,,0.673,false,true,false,false,Between > 4 ,0.092,0.092,-0.143,,0.077,0.077,0,0,,14,292,0.673
17,OpenPepXL_85,P0A8T7,,,false,P37326,P37326,,false,RPLKSLADMIK,ANKAR,321,156,3,2,323,157,TT - T - RPLKSLADMIK xl T - ANKAR,,0.638,false,true,false,false,Between > 4 ,0.092,0.093,-0.2,,0.157,0.103,0.097,0.119,,13,13,0.638
16,OpenPepXL_466,P0A7R1,,,false,Q9HB14,Q9HB14,,false,RAELEAKLAEVLAAANAR,SC(Carbamidomethyl)HQRQLR,50,158,6,0,55,,TT - T - RAELEAKLAEVLAAANAR xl T - SC(Carbamidomethyl)HQRQLR,,0.602,false,true,false,false,Between > 4 ,0.092,0.094,-0.25,,0.077,0.077,0.097,0.119,,12,12,0.602
12,OpenPepXL_474,decoy:sp|P37024|HRPB_ECOLI,decoy:,decoy,true,decoy:sp|A6NJI9|LRC72_HUMAN,decoy:sp|A6NJI9|LRC72_HUMAN,decoy,true,MEKQVERYAGK,RSSQLATESAR,26,258,2,1,27,258,DD - D - MEKQVERYAGK xl D - RSSQLATESAR,,0.589,true,false,false,true,Between > 4 ,0.092,0.094,-0.333,,0.157,0.151,0.097,0.119,,11,11,0.589
10,OpenPepXL_472,decoy:sp|P42702|LIFR_HUMAN,decoy:,decoy,true,decoy:sp|P0A8F8|UVRB_ECOLI,decoy:sp|P0A8F8|UVRB_ECOLI,decoy,true,AFNGPLHWSLK,FASNLKFPKSM,637,662,8,8,644,669,DD - D - AFNGPLHWSLK xl D - FASNLKFPKSM,,0.564,true,false,false,true,Between > 4 ,0.092,0.094,0,,0.086,0.167,0.097,0.119,,10,10,0.564
9,OpenPepXL_478,Q9HAY6,,,false,P0A6G5,P0A6G5,,false,YDILTK,ALAAK,437,69,4,0,440,,TT - T - YDILTK xl T - ALAAK,,0.564,false,true,false,false,Between > 4 ,0.092,0.094,0,,0.082,0.103,0.097,0.119,,9,9,0.564
8,OpenPepXL_468,decoy:sp|P26616|MAO1_ECOLI,decoy:,decoy,true,decoy:sp|Q96S42|NODAL_HUMAN,decoy:sp|Q96S42|NODAL_HUMAN,decoy,true,ISTRRYDR,VKRC(Carbamidomethyl)LQSR,0,97,2,1,1,97,DD - D - ISTRRYDR xl D - VKRC(Carbamidomethyl)LQSR,,0.563,true,false,false,true,Between > 4 ,0.092,0.095,0,,0.077,0.116,0.097,0.119,,8,8,0.563
7,OpenPepXL_86,P0A8T7,,,false,P42677,P42677,,false,RPLKSLADM(Oxidation)IK,MPLAK,321,0,3,0,323,,TT - T - RPLKSLADM(Oxidation)IK xl T - MPLAK,,0.557,false,true,false,false,Between > 4 ,0.092,0.095,1,,0.157,0.166,0.097,0.119,,7,7,0.557
6,OpenPepXL_479,decoy:sp|P53816|PLAT3_HUMAN,decoy:,decoy,true,decoy:sp|P0AG14|SOHB_ECOLI,decoy:sp|P0AG14|SOHB_ECOLI,decoy,true,QKQRKNR,MLPKQGR,0,0,4,3,3,2,DD - D - QKQRKNR xl D - MLPKQGR,,0.553,true,false,false,true,Between > 4 ,0.092,0.095,1,,0.157,0.137,0.097,0.119,,6,6,0.553
5,OpenPepXL_476,P75777,,,false,P0AG67,P0AG67,,false,TDLVYR,LDQKR,297,158,1,3,297,160,TT - T - TDLVYR xl T - LDQKR,,0.538,false,true,false,false,Between > 4 ,0.092,0.095,3,,0.077,0.077,0.097,0.119,,5,5,0.538
4,OpenPepXL_471,decoy:sp|P0AAG8|MGLA_ECOLI,decoy:,decoy,true,decoy:sp|Q9UM21|MGT4A_HUMAN,decoy:sp|Q9UM21|MGT4A_HUMAN,decoy,true,GHLTITGASKER,LNAKQRDC(Carbamidomethyl)HK,182,185,8,3,189,187,DD - D - GHLTITGASKER xl D - LNAKQRDC(Carbamidomethyl)HK,,0.527,true,false,false,true,Between > 4 ,0.092,0.095,,,0.142,0.11,0.097,0.119,,4,4,0.527
3,OpenPepXL_473,decoy:sp|P41036|NANT_ECOLI,decoy:,decoy,true,Q8IYD9,Q8IYD9,,false,SKTKVLDNK,KC(Carbamidomethyl)RGR,0,153,1,0,0,,TD - D - SKTKVLDNK xl T - KC(Carbamidomethyl)RGR,,0.525,true,false,true,false,Between > 4 ,0.095,0.098,,,0.092,0.077,0.1,0.124,,3,3,0.525
2,OpenPepXL_475,Q14254,,,false,decoy:sp|Q6BEX0|YTFR_ECOLI,decoy:sp|Q6BEX0|YTFR_ECOLI,decoy,true,KQIAVEAQEILR,SLGETR,265,484,1,4,265,487,TD - T - KQIAVEAQEILR xl D - SLGETR,,0.518,true,false,true,false,Between > 4 ,0.099,0.097,,,0.079,0.128,0.104,0.128,,2,2,0.518
1,OpenPepXL_477,Q96K76,,,false,decoy:sp|Q9NS67|GPR27_HUMAN,decoy:sp|Q9NS67|GPR27_HUMAN,decoy,true,TAYQK,LGIGK,839,0,1,0,839,,TD - T - TAYQK xl D - LGIGK,,0.498,true,false,true,false,Between > 4 ,0.102,0.105,,,0.117,0.166,0.108,0.133,,1,1,0.498
0,OpenPepXL_469,P0ABC7,,,false,decoy:sp|A8MTZ0|BBIP1_HUMAN,decoy:sp|A8MTZ0|BBIP1_HUMAN,decoy,true,TVIRSDTQR,HTIQRQDK,209,0,1,0,209,,TD - T - TVIRSDTQR xl D - HTIQRQDK,,0.495,true,false,true,false,Between > 4 ,0.105,0.105,,,0.099,0.116,0.111,0.137,,0,0,0.495
