LinkID,PeptidePairIDs,PSMIDs,Protein1,Name1,Description1,Decoy1,Protein2,Name2,Description2,Decoy2,fromSite,ToSite,Croslinkers,Score,isDecoy,isTT,isTD,isDD,count PSMs,count peptide pairs,fdrGroup,fdr,ifdr,PEP,,,Protein1FDR,Protein2FDR,PPIFDR,,top pep fdr,top psm fdr,,PPI id
207,307;313,OpenPepXL_279;OpenPepXL_284;OpenPepXL_190,P0A786,,,false,P0A7F3,,,false,177,135,,1.431,false,true,false,false,3,2,Between,0,0,0.029,0.841,,0.157,0.077,0,,0,0.073,,66
28,76;410;45,OpenPepXL_294;OpenPepXL_401;OpenPepXL_430,P0AG67,,,false,P0A7V0,,,false,0,9,,1.381,false,true,false,false,3,3,Between,0,0.003,0.029,0.838,,0.077,0.116,0,,0.075,0.073,,318
196,151;296,OpenPepXL_310;OpenPepXL_6;OpenPepXL_213,P0A7V8,,,false,Q9NYP7,,,false,175,255,,1.364,false,true,false,false,3,2,Between,0,0.003,0.03,0.796,,0.077,0.077,0,,0,0.073,,180
20,340;31,OpenPepXL_59;OpenPepXL_60;OpenPepXL_55,P68066,,,false,P09373,,,false,86,61,,1.361,false,true,false,false,3,2,Between,0,0.004,0.03,0.829,,0.116,0.077,0,,0,0.073,,316
269,94;195,OpenPepXL_388;OpenPepXL_365,P0AGE9,,,false,P0A836,,,false,239,-1,,1.17,false,true,false,false,2,2,Between,0,0.013,0.032,0.835,,0.077,0.166,0,,0.075,0.073,,296
124,364;200,OpenPepXL_259;OpenPepXL_45,P61175,,,false,P0A7N4,,,false,27,35,,1.162,false,true,false,false,2,2,Between,0,0.014,0.032,0.863,,0.077,0.123,0,,0.04,0.073,,102
127,442;204,OpenPepXL_223;OpenPepXL_260,P60422,,,false,P0ACF0,,,false,95,65,,1.157,false,true,false,false,2,2,Between,0,0.014,0.033,0.855,,0.077,0.077,0,,0.075,0.073,,72
221,380;128,OpenPepXL_275;OpenPepXL_168,P0A7T7,,,false,P02358,,,false,28,104,,1.157,false,true,false,false,2,2,Between,0,0.014,0.033,0.833,,0.077,0.133,0,,0.075,0.073,,286
332,319,OpenPepXL_290;OpenPepXL_289,P02358,,,false,P0AG67,,,false,102,245,,1.145,false,true,false,false,2,1,Between,0,0.014,0.037,0.82,,0.133,0.077,0,,0,0.073,,311
49,462;80,OpenPepXL_186;OpenPepXL_128,P0ACF4,,,false,P0ACF0,,,false,65,65,,1.129,false,true,false,false,2,2,Between,0,0.015,0.038,0.845,,0.116,0.077,0,,0.075,0.073,,310
122,234;197,OpenPepXL_337;OpenPepXL_38,P0AGE9,,,false,P0A836,,,false,254,-1,,1.111,false,true,false,false,2,2,Between,0,0.016,0.04,0.793,,0.077,0.166,0,,0.092,0.073,,296
330,163,OpenPepXL_253;OpenPepXL_139,P0A7Z4,,,false,Q46819,,,false,0,40,,1.104,false,true,false,false,2,1,Between,0,0.017,0.04,0.789,,0.099,0.116,0,,0,0.073,,88
329,61,OpenPepXL_283;OpenPepXL_357,P0A8T7,,,false,P0A8V2,,,false,1130,161,,1.098,false,true,false,false,2,1,Between,0,0.017,0.042,0.811,,0.157,0.157,0,,0,0.073,,38
328,14,OpenPepXL_233;OpenPepXL_345,P0A7R1,,,false,P0A7M2,,,false,55,42,,1.096,false,true,false,false,2,1,Between,0,0.017,0.043,0.796,,0.077,0.077,0,,0,0.073,,298
21,405;32,OpenPepXL_341;OpenPepXL_50,P0AG67,,,false,P0A7R9,,,false,227,78,,1.091,false,true,false,false,2,2,Between,0,0.017,0.043,0.819,,0.077,0.077,0,,0.092,0.073,,101
327,47,OpenPepXL_303;OpenPepXL_48,P0A707,,,false,P0A7U3,,,false,162,85,,1.09,false,true,false,false,2,1,Between,0,0.017,0.045,0.774,,0.157,0.077,0,,0,0.073,,304
326,117,OpenPepXL_146;OpenPepXL_145,P0AEH5,,,false,P64581,,,false,33,36,,1.089,false,true,false,false,2,1,Between,0,0.017,0.045,0.778,,0.116,0.116,0,,0,0.073,,152
325,110,OpenPepXL_382;OpenPepXL_380,P0A9G6,,,false,P0A853,,,false,241,465,,1.088,false,true,false,false,2,1,Between,0,0.017,0.045,0.779,,0.077,0.077,0,,0,0.073,,226
324,36,OpenPepXL_415;OpenPepXL_414,P0A6Y1,,,false,P0A7S3,,,false,67,42,,1.083,false,true,false,false,2,1,Between,0,0.018,0.048,0.805,,0.167,0.157,0,,0,0.073,,301
323,40,OpenPepXL_236;OpenPepXL_237,P0A6Y1,,,false,P0A6X7,,,false,25,84,,1.083,false,true,false,false,2,1,Between,0,0.018,0.05,0.803,,0.167,0.116,0,,0,0.073,,122
322,13,OpenPepXL_240;OpenPepXL_221,P0A6X7,,,false,P0A6Y1,,,false,84,1,,1.082,false,true,false,false,2,1,Between,0,0.018,0.05,0.769,,0.116,0.167,0,,0,0.073,,122
321,48,OpenPepXL_243;OpenPepXL_379,P0A7R1,,,false,P0A7M2,,,false,41,42,,1.08,false,true,false,false,2,1,Between,0,0.018,0.118,0.794,,0.077,0.077,0,,0,0.073,,298
320,79,OpenPepXL_134;OpenPepXL_133,P0A7K2,,,false,P0AG55,,,false,80,84,,1.071,false,true,false,false,2,1,Between,0,0.018,0.188,0.766,,0.077,0.077,0,,0,0.073,,44
43,125;69,OpenPepXL_302;OpenPepXL_301,P0A836,,,false,P0AGE9,,,false,144,254,,1.066,false,true,false,false,2,2,Between,0,0.018,0.188,0.763,,0.166,0.077,0,,0.092,0.073,,296
58,98;89,OpenPepXL_352;OpenPepXL_193,P0A7S9,,,false,P0A7U3,,,false,76,85,,1.065,false,true,false,false,2,2,Between,0,0.019,0.188,0.754,,0.077,0.077,0,,0.092,0.073,,295
319,42,OpenPepXL_410;OpenPepXL_409,P0A6Y1,,,false,P0A7L8,,,false,63,3,,1.042,false,true,false,false,2,1,Between,0,0.02,0.188,0.745,,0.167,0.086,0,,0,0.073,,294
318,29,OpenPepXL_306;OpenPepXL_53,P0AFF6,,,false,P0A8T7,,,false,36,397,,1.036,false,true,false,false,2,1,Between,0,0.02,0.188,0.743,,0.156,0.157,0,,0,0.073,,293
14,116;11,OpenPepXL_238;OpenPepXL_371,P0A6F9,,,false,Q9BZW5,,,false,0,53,,1.019,false,true,false,false,2,2,Between,0,0.021,0.188,0.765,,0.077,0.077,0,,0.092,0.073,,292
317,27,OpenPepXL_174;OpenPepXL_173,P0AFA7,,,false,P0A853,,,false,285,237,,1.019,false,true,false,false,2,1,Between,0,0.021,0.188,0.727,,0.149,0.077,0,,0,0.073,,291
316,15,OpenPepXL_481;OpenPepXL_87,P11349,,,false,P07813,,,false,405,736,,0.903,false,true,false,false,2,1,Between,0,0.027,0.188,0.675,,0.077,0.079,0,,0,0.073,,290
315,474,OpenPepXL_241,P0ACF4,,,false,P0A7V3,,,false,65,84,,0.898,false,true,false,false,1,1,Between,0,0.027,0.188,0.898,,0.116,0.13,0,,0,0,,289
314,451,OpenPepXL_73,P0A7R1,,,false,P60422,,,false,81,95,,0.87,false,true,false,false,1,1,Between,0,0.028,0.267,0.87,,0.077,0.077,0,,0,0,,246
313,409,OpenPepXL_29,decoy:sp|P61714|RISB_ECOLI,decoy:,decoy:,true,P00961,,,false,12,582,,0.865,true,false,true,false,1,1,Between,0.029,0.056,0.267,0.865,,0.077,0.077,0.021,,0.04,0.073,,287
312,464,OpenPepXL_95,P0A7T7,,,false,P02358,,,false,28,102,,0.863,false,true,false,false,1,1,Between,0.029,0.04,0.267,0.863,,0.077,0.133,0,,0.04,0.073,,286
310,477,OpenPepXL_11,P0A8T7,,,false,P0A800,,,false,555,10,,0.862,false,true,false,false,1,1,Between,0.029,0.044,0.267,0.862,,0.157,0.077,0.021,,0.04,0.073,,285
309,476,OpenPepXL_72,P0A7V3,,,false,P0A7V0,,,false,217,126,,0.859,false,true,false,false,1,1,Between,0.029,0.055,0.267,0.859,,0.13,0.116,0.021,,0.04,0.073,,284
308,392,OpenPepXL_84,P23538,,,false,decoy:sp|A6NF83|NUPR2_HUMAN,decoy:,decoy:,true,628,25,,0.859,true,false,true,false,1,1,Between,0.057,0.055,0.267,0.859,,0.077,0.077,0.042,,0.075,0.073,,283
307,473,OpenPepXL_318,P0A6Z1,,,false,decoy:sp|Q6DD88|ATLA3_HUMAN,decoy:,decoy:,true,84,457,,0.856,true,false,true,false,1,1,Between,0.067,0.059,0.188,0.856,,0.077,0.077,0.056,,0.075,0.073,,282
305,388,OpenPepXL_103,P0AES4,,,false,P0AES6,,,false,251,437,,0.855,false,true,false,false,1,1,Between,0.067,0.067,0.188,0.855,,0.077,0.077,0.056,,0.075,0.073,,281
304,470,OpenPepXL_255,P0A7R9,,,false,P02359,,,false,56,147,,0.853,false,true,false,false,1,1,Between,0.067,0.068,0.188,0.853,,0.077,0.079,0.056,,0.075,0.073,,280
303,299,OpenPepXL_250,P0AG55,,,false,P0A7K2,,,false,85,69,,0.853,false,true,false,false,1,1,Between,0.067,0.068,0.188,0.853,,0.077,0.077,0,,0.075,0.073,,44
302,466,OpenPepXL_227,P0A7N4,,,false,P0AG44,,,false,30,119,,0.849,false,true,false,false,1,1,Between,0.067,0.069,0.118,0.849,,0.123,0.166,0,,0.075,0.073,,114
301,465,OpenPepXL_166,P0A7N4,,,false,P0AG44,,,false,31,119,,0.847,false,true,false,false,1,1,Between,0.067,0.07,0.056,0.847,,0.123,0.166,0,,0.075,0.073,,114
299,461,OpenPepXL_1,Q8TEA8,,,false,P00961,,,false,32,582,,0.842,false,true,false,false,1,1,Between,0.067,0.071,0.118,0.842,,0.157,0.077,0.056,,0.075,0.073,,276
297,418,OpenPepXL_160,P00961,,,false,Q9HCJ2,,,false,582,251,,0.837,false,true,false,false,1,1,Between,0.067,0.073,0.118,0.837,,0.077,0.077,0.056,,0.075,0.073,,275
296,453,OpenPepXL_225,P0A800,,,false,P0A7Z4,,,false,10,296,,0.837,false,true,false,false,1,1,Between,0.067,0.073,0.118,0.837,,0.077,0.099,0.056,,0.075,0.073,,274
295,455,OpenPepXL_96,P0AFD6,,,false,P0A853,,,false,42,237,,0.836,false,true,false,false,1,1,Between,0.067,0.073,0.118,0.836,,0.17,0.077,0.056,,0.075,0.073,,273
292,447,OpenPepXL_71,P0A7R1,,,false,P60422,,,false,81,181,,0.831,false,true,false,false,1,1,Between,0.067,0.075,0.118,0.831,,0.077,0.077,0,,0.075,0.073,,246
291,446,OpenPepXL_80,decoy:sp|O15389|SIGL5_HUMAN,decoy:,decoy:,true,P0A853,,,false,196,237,,0.83,true,false,true,false,1,1,Between,0.075,0.082,0.111,0.83,,0.161,0.077,0.068,,0.083,0.073,,271
290,445,OpenPepXL_93,P0ACF4,,,false,P0A7U3,,,false,7,27,,0.83,false,true,false,false,1,1,Between,0.075,0.076,0.111,0.83,,0.116,0.077,0,,0.083,0.073,,74
289,440,OpenPepXL_216,P0A8V2,,,false,P0A8T7,,,false,912,48,,0.829,false,true,false,false,1,1,Between,0.075,0.077,0.188,0.829,,0.157,0.157,0,,0.083,0.073,,38
288,439,OpenPepXL_12,P0A6P1,,,false,P0A8V2,,,false,205,419,,0.828,false,true,false,false,1,1,Between,0.075,0.078,0.235,0.828,,0.157,0.157,0.068,,0.083,0.073,,268
287,438,OpenPepXL_83,P75792,,,false,P0A836,,,false,11,-1,,0.827,false,true,false,false,1,1,Between,0.075,0.08,0.235,0.827,,0.099,0.166,0.068,,0.083,0.073,,267
286,357,OpenPepXL_439,P0A8V2,,,false,P0A7Z4,,,false,1131,18,,0.826,false,true,false,false,1,1,Between,0.075,0.081,0.222,0.826,,0.157,0.099,0,,0.083,0.073,,248
285,239,OpenPepXL_402,P0AB14,,,false,P0A853,,,false,60,237,,0.825,false,true,false,false,1,1,Between,0.075,0.084,0.174,0.825,,0.098,0.077,0.068,,0.083,0.073,,265
284,433,OpenPepXL_17,Q00888,,,false,P0A853,,,false,264,237,,0.825,false,true,false,false,1,1,Between,0.075,0.084,0.174,0.825,,0.116,0.077,0.068,,0.083,0.073,,264
283,271,OpenPepXL_114,P0ACF0,,,false,P0A7U3,,,false,65,85,,0.824,false,true,false,false,1,1,Between,0.075,0.085,0.174,0.824,,0.077,0.077,0.068,,0.083,0.073,,263
282,429,OpenPepXL_69,decoy:sp|P09546|PUTA_ECOLI,decoy:,decoy:,true,P0C0V0,,,false,1088,285,,0.824,true,false,true,false,1,1,Between,0.085,0.089,0.174,0.824,,0.121,0.077,0.079,,0.092,0.073,,262
281,428,OpenPepXL_404,P0CG19,,,false,P0A853,,,false,61,237,,0.824,false,true,false,false,1,1,Between,0.085,0.086,0.217,0.824,,0.077,0.077,0.079,,0.092,0.073,,261
280,427,OpenPepXL_16,P45472,,,false,P00961,,,false,41,582,,0.824,false,true,false,false,1,1,Between,0.085,0.086,0.208,0.824,,0.077,0.077,0.079,,0.092,0.073,,260
279,397,OpenPepXL_105,P0A7T7,,,false,P68679,,,false,36,23,,0.824,false,true,false,false,1,1,Between,0.085,0.087,0.25,0.824,,0.077,0.077,0.079,,0.092,0.073,,259
278,341,OpenPepXL_149,P63284,,,false,P0A853,,,false,447,237,,0.824,false,true,false,false,1,1,Between,0.085,0.087,0.25,0.824,,0.077,0.077,0,,0.092,0.073,,196
277,257,OpenPepXL_452,P0A6X7,,,false,P0A6Y1,,,false,64,79,,0.823,false,true,false,false,1,1,Between,0.085,0.089,0.25,0.823,,0.116,0.167,0,,0.092,0.073,,122
276,420,OpenPepXL_102,P0ABB0,,,false,P0ABA6,,,false,418,32,,0.822,false,true,false,false,1,1,Between,0.085,0.094,0.28,0.822,,0.116,0.151,0.079,,0.092,0.073,,256
275,416,OpenPepXL_70,decoy:sp|P64612|ZAPE_ECOLI,decoy:,decoy:,true,P00961,,,false,136,582,,0.821,true,false,true,false,1,1,Between,0.097,0.094,0.333,0.821,,0.077,0.077,0.095,,0.092,0.073,,255
274,414,OpenPepXL_144,P0AFG6,,,false,P0A9P0,,,false,92,401,,0.82,false,true,false,false,1,1,Between,0.097,0.097,0.333,0.82,,0.077,0.167,0,,0.092,0.073,,115
273,413,OpenPepXL_441,P60422,,,false,decoy:sp|Q96L15|NAR5_HUMAN,decoy:,decoy:,true,95,120,,0.82,true,false,true,false,1,1,Between,0.097,0.097,0.333,0.82,,0.077,0.13,0.104,,0.092,0.073,,253
272,412,OpenPepXL_108,P47972,,,false,P00961,,,false,88,582,,0.82,false,true,false,false,1,1,Between,0.097,0.097,0.333,0.82,,0.116,0.077,0.104,,0.092,0.073,,252
270,267,OpenPepXL_331,P0A7J3,,,false,P0A7K2,,,false,103,69,,0.819,false,true,false,false,1,1,Between,0.097,0.097,0.32,0.819,,0.166,0.077,0,,0.092,0.073,,62
267,404,OpenPepXL_256,P21179,,,false,Q5VWZ2,,,false,140,63,,0.818,false,true,false,false,1,1,Between,0.097,0.097,0.296,0.818,,0.077,0.077,0.104,,0.092,0.073,,250
266,401,OpenPepXL_20,P0A7B3,,,false,P0A853,,,false,4,237,,0.818,false,true,false,false,1,1,Between,0.097,0.097,0.296,0.818,,0.077,0.077,0.104,,0.092,0.073,,249
265,400,OpenPepXL_154,P0A7Z4,,,false,P0A8V2,,,false,23,1131,,0.818,false,true,false,false,1,1,Between,0.097,0.097,0.296,0.818,,0.099,0.157,0,,0.092,0.073,,248
264,399,OpenPepXL_113,P0ACF4,,,false,P0A7S3,,,false,65,106,,0.818,false,true,false,false,1,1,Between,0.097,0.097,0.286,0.818,,0.116,0.157,0.104,,0.092,0.073,,247
263,152,OpenPepXL_214,P0A7R1,,,false,P60422,,,false,87,181,,0.817,false,true,false,false,1,1,Between,0.097,0.097,0.286,0.817,,0.077,0.077,0,,0.092,0.073,,246
262,396,OpenPepXL_78,P22256,,,false,decoy:sp|Q5SWH9|TMM69_HUMAN,decoy:,decoy:,true,69,173,,0.816,true,false,true,false,1,1,Between,0.097,0.097,0.31,0.816,,0.151,0.079,0.118,,0.092,0.073,,245
261,395,OpenPepXL_336,P0A6X7,,,false,P62399,,,false,95,76,,0.816,false,true,false,false,1,1,Between,0.097,0.097,0.31,0.816,,0.116,0.077,0.118,,0.092,0.073,,244
260,394,OpenPepXL_118,decoy:sp|P0ABC3|HFLC_ECOLI,decoy:,decoy:,true,P0A853,,,false,81,237,,0.816,true,false,true,false,1,1,Between,0.097,0.097,0.321,0.816,,0.077,0.077,0.119,,0.092,0.073,,243
259,393,OpenPepXL_148,P0ABC3,,,false,P0A853,,,false,258,237,,0.815,false,true,false,false,1,1,Between,0.097,0.097,0.355,0.815,,0.116,0.077,0.119,,0.092,0.073,,242
258,391,OpenPepXL_157,P0A8V2,,,false,P0A8T7,,,false,159,779,,0.815,false,true,false,false,1,1,Between,0.097,0.097,0.367,0.815,,0.157,0.157,0,,0.092,0.073,,38
257,390,OpenPepXL_315,P0C0V0,,,false,decoy:sp|P39342|YJGR_ECOLI,decoy:,decoy:,true,285,128,,0.814,true,false,true,false,1,1,Between,0.097,0.097,0.375,0.814,,0.077,0.166,0.119,,0.092,0.073,,240
256,389,OpenPepXL_117,decoy:sp|P42601|ALX_ECOLI,decoy:,decoy:,true,P0A853,,,false,134,237,,0.814,true,false,true,false,1,1,Between,0.097,0.097,0.364,0.814,,0.157,0.077,0.119,,0.092,0.073,,239
255,387,OpenPepXL_14,decoy:sp|P75783|YBIO_ECOLI,decoy:,decoy:,true,P0A836,,,false,93,-1,,0.814,true,false,true,false,1,1,Between,0.097,0.097,0.353,0.814,,0.077,0.166,0.119,,0.092,0.073,,238
254,386,OpenPepXL_151,P0A7T7,,,false,P0A7G2,,,false,36,26,,0.813,false,true,false,false,1,1,Between,0.097,0.097,0.297,0.813,,0.077,0.116,0.119,,0.092,0.073,,237
253,383,OpenPepXL_286,P69908,,,false,P0A6Y8,,,false,28,493,,0.812,false,true,false,false,1,1,Between,0.097,0.097,0.278,0.812,,0.157,0.117,0.119,,0.092,0.073,,236
252,375,OpenPepXL_170,P0AFF6,,,false,P0A7Z4,,,false,37,296,,0.812,false,true,false,false,1,1,Between,0.097,0.097,0.286,0.812,,0.156,0.099,0,,0.092,0.073,,43
251,381,OpenPepXL_162,Q8N8R3,,,false,P07118,,,false,37,924,,0.812,false,true,false,false,1,1,Between,0.097,0.097,0.286,0.812,,0.079,0.13,0.119,,0.092,0.073,,234
250,378,OpenPepXL_107,P0A7T7,,,false,P49450;P25116,;,;,false,28,-1;-1,,0.811,false,true,false,false,1,1,Between,0.097,0.097,0.314,0.811,,0.077,0.082,0.119,,0.092,0.073,,233
249,141,OpenPepXL_40,P0A7L8,,,false,P0C018,,,false,60,15,,0.811,false,true,false,false,1,1,Between,0.097,0.097,0.314,0.811,,0.086,0.121,0.119,,0.092,0.073,,232
248,376,OpenPepXL_271,Q30KQ9,,,false,P0A853,,,false,22,237,,0.811,false,true,false,false,1,1,Between,0.097,0.097,0.314,0.811,,0.079,0.077,0.119,,0.092,0.073,,231
247,56,OpenPepXL_459,P11458;P0A6G7;Q32MQ0,;;,;;,false,P20592,,,false,36;37;3,691,,0.81,false,true,false,false,1,1,Between,0.097,0.097,0.314,0.81,,0.077,0.151,0.119,,0.092,0.073,,230
246,371,OpenPepXL_457,P09373,,,false,P29745,,,false,615,283,,0.809,false,true,false,false,1,1,Between,0.097,0.097,0.314,0.809,,0.077,0.082,0.119,,0.092,0.073,,229
245,246,OpenPepXL_206,P09373,,,false,Q9Y597;A6NEV1,;,;,false,15,545;-1,,0.809,false,true,false,false,1,1,Between,0.097,0.097,0.314,0.809,,0.077,0.123,0.119,,0.092,0.073,,228
244,369,OpenPepXL_125,P0A705,,,false,P0A7S3,,,false,256,42,,0.809,false,true,false,false,1,1,Between,0.097,0.097,0.314,0.809,,0.077,0.157,0,,0.092,0.073,,138
243,317,OpenPepXL_25,P0A9G6,,,false,P0A853,,,false,60,465,,0.809,false,true,false,false,1,1,Between,0.097,0.097,0.306,0.809,,0.077,0.077,0,,0.092,0.073,,226
242,367,OpenPepXL_28,P15034,,,false,decoy:sp|P63313|TYB10_HUMAN,decoy:,decoy:,true,265,-1,,0.809,true,false,true,false,1,1,Between,0.097,0.097,0.306,0.809,,0.117,0.17,0.119,,0.092,0.073,,225
241,365,OpenPepXL_15,decoy:sp|P50053|KHK_HUMAN,decoy:,decoy:,true,P0A836,,,false,188,-1,,0.809,true,false,true,false,1,1,Between,0.097,0.097,0.306,0.809,,0.098,0.166,0.119,,0.092,0.073,,224
240,362,OpenPepXL_448,P0A7V8,,,false,Q01449,,,false,154,3,,0.808,false,true,false,false,1,1,Between,0.097,0.097,0.278,0.808,,0.077,0.116,0,,0.092,0.073,,34
239,360,OpenPepXL_92,P0A7V0,,,false,Q6AI08,,,false,126,320,,0.808,false,true,false,false,1,1,Between,0.097,0.097,0.278,0.808,,0.116,0.077,0.119,,0.092,0.073,,222
238,262,OpenPepXL_356,P68191,,,false,P62875,,,false,27,-1,,0.808,false,true,false,false,1,1,Between,0.097,0.097,0.27,0.808,,0.166,0.116,0.119,,0.092,0.073,,221
237,358,OpenPepXL_26,P00968,,,false,decoy:sp|P76147|DGCF_ECOLI,decoy:,decoy:,true,647,39,,0.808,true,false,true,false,1,1,Between,0.097,0.097,0.27,0.808,,0.077,0.116,0.119,,0.092,0.073,,220
236,356,OpenPepXL_242,P0A853,,,false,P42909,,,false,244,135,,0.808,false,true,false,false,1,1,Between,0.097,0.097,0.27,0.808,,0.077,0.099,0.119,,0.092,0.073,,219
235,355,OpenPepXL_163,P64581,,,false,P0ADQ7,,,false,61,53,,0.808,false,true,false,false,1,1,Between,0.097,0.097,0.27,0.808,,0.116,0.077,0.119,,0.092,0.073,,218
234,354,OpenPepXL_76,P0A9P0,,,false,P37443,,,false,104,205,,0.808,false,true,false,false,1,1,Between,0.097,0.097,0.263,0.808,,0.167,0.086,0.119,,0.092,0.073,,217
233,305,OpenPepXL_58,decoy:sp|Q5VVX9|UBE2U_HUMAN,decoy:,decoy:,true,P0A7K2,,,false,93,64,,0.808,true,false,true,false,1,1,Between,0.097,0.097,0.263,0.808,,0.163,0.077,0.119,,0.092,0.073,,216
232,351,OpenPepXL_101,P0A8M3,,,false,P0AEB2,,,false,120,271,,0.807,false,true,false,false,1,1,Between,0.097,0.097,0.27,0.807,,0.116,0.157,0.119,,0.092,0.073,,215
231,350,OpenPepXL_249,P15639,,,false,P23883,,,false,453,248,,0.807,false,true,false,false,1,1,Between,0.097,0.097,0.27,0.807,,0.116,0.077,0.119,,0.092,0.073,,214
230,349,OpenPepXL_27,decoy:sp|O00628|PEX7_HUMAN,decoy:,decoy:,true,P0A853,,,false,100,237,,0.806,true,false,true,false,1,1,Between,0.097,0.097,0.27,0.806,,0.147,0.077,0.119,,0.092,0.073,,213
229,348,OpenPepXL_171,P0A705,,,false,P0A7S9,,,false,847,76,,0.806,false,true,false,false,1,1,Between,0.097,0.097,0.237,0.806,,0.077,0.077,0.119,,0.092,0.073,,212
228,118,OpenPepXL_200,P02359,,,false,P76053,,,false,147,121,,0.806,false,true,false,false,1,1,Between,0.097,0.097,0.237,0.806,,0.079,0.077,0.119,,0.092,0.073,,211
227,346,OpenPepXL_252,P0A7K2,,,false,Q8NDV2,,,false,69,195,,0.806,false,true,false,false,1,1,Between,0.097,0.097,0.205,0.806,,0.077,0.116,0.119,,0.092,0.073,,210
226,57,OpenPepXL_394,P0ADY7,,,false,P68919,,,false,125,81,,0.806,false,true,false,false,1,1,Between,0.097,0.097,0.159,0.806,,0.099,0,0.119,,0.092,0.073,,209
225,344,OpenPepXL_257,P0A8V2,,,false,P0A8T7,,,false,161,1129,,0.805,false,true,false,false,1,1,Between,0.097,0.097,0.159,0.805,,0.157,0.157,0,,0.092,0.073,,38
224,343,OpenPepXL_400,Q46851,,,false,P0A853,,,false,134,237,,0.805,false,true,false,false,1,1,Between,0.097,0.097,0.156,0.805,,0.077,0.077,0.119,,0.092,0.073,,207
223,339,OpenPepXL_326,P0AE78,,,false,decoy:sp|P65556|YFCD_ECOLI,decoy:,decoy:,true,108,13,,0.804,true,false,true,false,1,1,Between,0.097,0.097,0.186,0.804,,0.117,0.077,0.119,,0.092,0.073,,206
222,338,OpenPepXL_245,E7ERA6,,,false,P0A853,,,false,1,237,,0.804,false,true,false,false,1,1,Between,0.097,0.097,0.186,0.804,,0.092,0.077,0.119,,0.092,0.073,,205
220,334,OpenPepXL_453,P0ACF0,,,false,P00579,,,false,65,369,,0.803,false,true,false,false,1,1,Between,0.097,0.097,0.2,0.803,,0.077,0.077,0.119,,0.092,0.073,,204
219,333,OpenPepXL_61,P0ABN9,,,false,P0A7J7,,,false,227,79,,0.803,false,true,false,false,1,1,Between,0.097,0.097,0.2,0.803,,0.077,0.167,0.119,,0.092,0.073,,203
218,139,OpenPepXL_179,P0A7J7,,,false,P0A7K2,,,false,85,69,,0.802,false,true,false,false,1,1,Between,0.097,0.097,0.196,0.802,,0.167,0.077,0.119,,0.092,0.073,,202
217,329,OpenPepXL_165,P0AE08,,,false,Q8TDB6,,,false,25,318,,0.802,false,true,false,false,1,1,Between,0.097,0.097,0.2,0.802,,0.077,0.116,0.119,,0.092,0.073,,201
216,328,OpenPepXL_222,P0DPC4,,,false,P07118,,,false,22,924,,0.802,false,true,false,false,1,1,Between,0.097,0.097,0.196,0.802,,0.082,0.13,0.119,,0.092,0.073,,200
215,327,OpenPepXL_64,P0A9P0,,,false,P04805,,,false,104,351,,0.801,false,true,false,false,1,1,Between,0.097,0.097,0.222,0.801,,0.167,0.117,0.119,,0.092,0.073,,199
214,325,OpenPepXL_188,P0A836,,,false,decoy:sp|Q9NWW9|PLAT2_HUMAN,decoy:,decoy:,true,77,4,,0.801,true,false,true,false,1,1,Between,0.097,0.097,0.184,0.801,,0.166,0.151,0.119,,0.092,0.073,,198
213,323,OpenPepXL_267,P0AF36,,,false,P0ACF0,,,false,33,84,,0.8,false,true,false,false,1,1,Between,0.097,0.097,0.184,0.8,,0.077,0.077,0.119,,0.092,0.073,,197
212,322,OpenPepXL_384,P63284,,,false,P0A853,,,false,449,237,,0.8,false,true,false,false,1,1,Between,0.097,0.097,0.184,0.8,,0.077,0.077,0,,0.092,0.073,,196
211,321,OpenPepXL_81,P0A8M3,,,false,P24192,,,false,120,121,,0.8,false,true,false,false,1,1,Between,0.097,0.097,0.174,0.8,,0.116,0.079,0.119,,0.092,0.073,,195
210,304,OpenPepXL_330,P0A7S3,,,false,P39393,,,false,106,239,,0.8,false,true,false,false,1,1,Between,0.097,0.097,0.152,0.8,,0.157,0.151,0.119,,0.092,0.073,,194
209,315,OpenPepXL_182,P37051,,,false,P15848,,,false,262,151,,0.799,false,true,false,false,1,1,Between,0.097,0.097,0.149,0.799,,0.077,0.166,0.119,,0.092,0.073,,193
208,314,OpenPepXL_205,P0A853,,,false,P37016,,,false,244,5,,0.799,false,true,false,false,1,1,Between,0.097,0.097,0.178,0.799,,0.077,0.077,0.119,,0.092,0.073,,192
206,162,OpenPepXL_322,P06959,,,false,P0A9P0,,,false,315,337,,0.798,false,true,false,false,1,1,Between,0.097,0.097,0.182,0.798,,0.157,0.167,0.119,,0.092,0.073,,191
205,310,OpenPepXL_244,Q47156,,,false,Q47157,,,false,94,5,,0.798,false,true,false,false,1,1,Between,0.097,0.097,0.178,0.798,,0.115,0.115,0.119,,0.092,0.073,,190
204,309,OpenPepXL_33,P0A8V2,,,false,P09831,,,false,1240,709,,0.798,false,true,false,false,1,1,Between,0.097,0.097,0.178,0.798,,0.157,0.086,0.119,,0.092,0.073,,189
203,308,OpenPepXL_383,Q7L266,,,false,P0A853,,,false,242,237,,0.798,false,true,false,false,1,1,Between,0.097,0.097,0.178,0.798,,0.077,0.077,0,,0.092,0.073,,130
202,306,OpenPepXL_262,P0A7W7,,,false,P0A7V0,,,false,67,35,,0.798,false,true,false,false,1,1,Between,0.097,0.097,0.178,0.798,,0.077,0.116,0,,0.092,0.073,,73
201,303,OpenPepXL_219,P25549,,,false,P0A853,,,false,283,237,,0.797,false,true,false,false,1,1,Between,0.097,0.097,0.182,0.797,,0.086,0.077,0.119,,0.092,0.073,,186
200,302,OpenPepXL_456,P0ACF0,,,false,P0A7L0,,,false,65,52,,0.797,false,true,false,false,1,1,Between,0.097,0.097,0.186,0.797,,0.077,0.077,0.119,,0.092,0.073,,185
199,301,OpenPepXL_106,Q5VW38,,,false,P07118,,,false,51,924,,0.797,false,true,false,false,1,1,Between,0.097,0.097,0.182,0.797,,0.077,0.13,0.119,,0.092,0.073,,184
198,300,OpenPepXL_329,P0A705,,,false,decoy:sp|O00487|PSDE_HUMAN,decoy:,decoy:,true,182,100,,0.797,true,false,true,false,1,1,Between,0.097,0.097,0.178,0.797,,0.077,0.149,0.119,,0.092,0.073,,183
197,247,OpenPepXL_110,P07451,,,false,P0AGJ9,,,false,133,156,,0.796,false,true,false,false,1,1,Between,0.097,0.097,0.152,0.796,,0.151,0.077,0.119,,0.092,0.073,,182
195,294,OpenPepXL_287,P75876,,,false,Q13451,,,false,86,55,,0.795,false,true,false,false,1,1,Between,0.097,0.097,0.143,0.795,,0.077,0.079,0.119,,0.092,0.073,,181
194,293,OpenPepXL_461,P0A7V8,,,false,Q9NYP7,,,false,154,255,,0.795,false,true,false,false,1,1,Between,0.097,0.097,0.143,0.795,,0.077,0.077,0,,0.092,0.073,,180
193,292,OpenPepXL_261,P0A6X7,,,false,P0ADZ4,,,false,64,69,,0.795,false,true,false,false,1,1,Between,0.097,0.097,0.143,0.795,,0.116,0.151,0.119,,0.092,0.073,,179
192,291,OpenPepXL_5,P0A7G2,,,false,P68679;P0AEJ6,;,;,false,129,-1;139,,0.795,false,true,false,false,1,1,Between,0.097,0.097,0.143,0.795,,0.116,0.082,0.119,,0.092,0.073,,178
191,290,OpenPepXL_327,P0A705;P0A705,,;,false,decoy:sp|Q5JY77|GASP1_HUMAN,decoy:,decoy:,true,139;147,1000,,0.795,true,false,true,false,1,1,Between,0.097,0.097,0.16,0.795,,0.077,0.116,0.119,,0.092,0.073,,177
190,289,OpenPepXL_458,P0A8M6,,,false,P0A7S3,,,false,86,42,,0.795,false,true,false,false,1,1,Between,0.097,0.097,0.167,0.795,,0.116,0.157,0.119,,0.092,0.073,,176
189,287,OpenPepXL_42,P0A705,,,false,P0A7R5,,,false,129,-1,,0.794,false,true,false,false,1,1,Between,0.097,0.097,0.217,0.794,,0.077,0.077,0,,0.092,0.073,,174
188,285,OpenPepXL_43,P0A705;P0A705,,;,false,P0A7R5,,,false,139;147,-1,,0.793,false,true,false,false,1,1,Between,0.097,0.097,0.217,0.793,,0.077,0.077,0,,0.092,0.073,,174
187,284,OpenPepXL_13,P0AG67,,,false,decoy:sp|P55083|MFAP4_HUMAN,decoy:,decoy:,true,0,6,,0.793,true,false,true,false,1,1,Between,0.097,0.097,0.217,0.793,,0.077,0.117,0.119,,0.092,0.073,,173
186,283,OpenPepXL_335,P0A8M6,,,false,P0AG59,,,false,86,21,,0.793,false,true,false,false,1,1,Between,0.097,0.097,0.217,0.793,,0.116,0.156,0.119,,0.092,0.073,,172
185,282,OpenPepXL_297,P27302,,,false,P33570,,,false,601,658,,0.793,false,true,false,false,1,1,Between,0.097,0.097,0.222,0.793,,0.079,0.077,0.119,,0.092,0.073,,171
184,281,OpenPepXL_184,P0A6F5,,,false,P0A817,,,false,40,371,,0.793,false,true,false,false,1,1,Between,0.097,0.097,0.217,0.793,,0.077,0.133,0.119,,0.092,0.073,,170
183,280,OpenPepXL_340,P02359,,,false,P0AG67,,,false,169,148,,0.793,false,true,false,false,1,1,Between,0.097,0.097,0.217,0.793,,0.079,0.077,0,,0.092,0.073,,47
182,279,OpenPepXL_187,P0C0V0,,,false,decoy:sp|O43692|PI15_HUMAN,decoy:,decoy:,true,285,207,,0.793,true,false,true,false,1,1,Between,0.097,0.097,0.217,0.793,,0.077,0.156,0.119,,0.092,0.073,,168
181,112,OpenPepXL_423,P0ACF0,,,false,P0ADZ4,,,false,65,69,,0.793,false,true,false,false,1,1,Between,0.097,0.097,0.217,0.793,,0.077,0.151,0.119,,0.092,0.073,,167
180,276,OpenPepXL_274,P05719,,,false,P08957,,,false,395,526,,0.793,false,true,false,false,1,1,Between,0.097,0.097,0.217,0.793,,0.098,0.077,0.119,,0.092,0.073,,166
179,275,OpenPepXL_119,P0A8V2,,,false,P0A8T7,,,false,907,393,,0.793,false,true,false,false,1,1,Between,0.097,0.097,0.217,0.793,,0.157,0.157,0,,0.092,0.073,,38
177,273,OpenPepXL_272,Q02246,,,false,P0A853,,,false,72,237,,0.792,false,true,false,false,1,1,Between,0.097,0.097,0.2,0.792,,0.116,0.077,0.119,,0.092,0.073,,164
176,272,OpenPepXL_36,P0AE08,,,false,P69811,,,false,25,341,,0.792,false,true,false,false,1,1,Between,0.097,0.097,0.205,0.792,,0.077,0.082,0.119,,0.092,0.073,,163
175,264,OpenPepXL_295,P0A8T7,,,false,P0A6D0,,,false,1070,49,,0.792,false,true,false,false,1,1,Between,0.097,0.097,0.191,0.792,,0.157,0.157,0.119,,0.092,0.073,,162
174,269,OpenPepXL_258,P0A8T7,,,false,P30128,,,false,787,50,,0.792,false,true,false,false,1,1,Between,0.097,0.097,0.191,0.792,,0.157,0.077,0.119,,0.092,0.073,,161
173,251,OpenPepXL_67,P07001,,,false,P0A836,,,false,234,-1,,0.791,false,true,false,false,1,1,Between,0.097,0.097,0.176,0.791,,0.077,0.166,0.119,,0.092,0.073,,160
172,265,OpenPepXL_328,P63389,,,false,decoy:sp|P0A8D0|NRDR_ECOLI,decoy:,decoy:,true,567,72,,0.791,true,false,true,false,1,1,Between,0.097,0.097,0.176,0.791,,0.13,0.156,0.119,,0.092,0.073,,159
171,263,OpenPepXL_57,P0A6Z1,,,false,decoy:sp|O43731|ERD23_HUMAN,decoy:,decoy:,true,84,7,,0.791,true,false,true,false,1,1,Between,0.097,0.097,0.18,0.791,,0.077,0.103,0.119,,0.092,0.073,,158
170,261,OpenPepXL_442,P0A9F3,,,false,P0A7R5,,,false,90,-1,,0.79,false,true,false,false,1,1,Between,0.097,0.097,0.167,0.79,,0.077,0.077,0.119,,0.092,0.073,,157
169,259,OpenPepXL_82,P33136,,,false,Q7Z2X4,,,false,195,220,,0.79,false,true,false,false,1,1,Between,0.097,0.097,0.164,0.79,,0.077,0.077,0.119,,0.092,0.073,,156
168,258,OpenPepXL_293,P0A6Z3,,,false,P0CF58;P0CF57;P0CF56;P0CF55;P0CF54;P0CF53,;;;;;,;;;;;,false,576,16;16;16;16;16;16,,0.789,false,true,false,false,1,1,Between,0.097,0.097,0.17,0.789,,0.116,0.077,0.119,,0.092,0.073,,155
167,255,OpenPepXL_226,P0A7V3,,,false,P0AG59,,,false,36,5,,0.789,false,true,false,false,1,1,Between,0.097,0.097,0.173,0.789,,0.13,0.156,0.119,,0.092,0.073,,154
166,253,OpenPepXL_142,P09832,,,false,Q14155,,,false,24,684,,0.789,false,true,false,false,1,1,Between,0.097,0.097,0.145,0.789,,0.099,0.077,0.119,,0.092,0.073,,153
165,252,OpenPepXL_324,P64581,,,false,P0AEH5,,,false,63,64,,0.788,false,true,false,false,1,1,Between,0.097,0.097,0.14,0.788,,0.116,0.116,0,,0.092,0.073,,152
164,250,OpenPepXL_282,P0A705,,,false,P50539,,,false,129,116,,0.788,false,true,false,false,1,1,Between,0.097,0.097,0.136,0.788,,0.077,0.099,0.119,,0.092,0.073,,151
163,114,OpenPepXL_391,P0A8T7,,,false,P0A8V2,,,false,780,161,,0.788,false,true,false,false,1,1,Between,0.097,0.097,0.136,0.788,,0.157,0.157,0,,0.092,0.073,,38
162,248,OpenPepXL_111,P60240,,,false,P0A7Z4,,,false,133,295,,0.788,false,true,false,false,1,1,Between,0.097,0.097,0.136,0.788,,0.077,0.099,0.119,,0.092,0.073,,149
161,243,OpenPepXL_169,Q96K19,,,false,P0A836,,,false,157,-1,,0.787,false,true,false,false,1,1,Between,0.097,0.097,0.161,0.787,,0.077,0.166,0.119,,0.092,0.073,,148
160,242,OpenPepXL_189,P21179,,,false,decoy:sp|O60216|RAD21_HUMAN,decoy:,decoy:,true,619,544,,0.787,true,false,true,false,1,1,Between,0.097,0.097,0.161,0.787,,0.077,0.077,0.119,,0.092,0.073,,147
159,241,OpenPepXL_99,P00956,,,false,decoy:sp|P31663|PANC_ECOLI,decoy:,decoy:,true,169,-1,,0.787,true,false,true,false,1,1,Between,0.097,0.097,0.143,0.787,,0.166,0.123,0.119,,0.092,0.073,,146
158,238,OpenPepXL_316,P0A8M3,,,false,decoy:sp|P37648|YHJJ_ECOLI,decoy:,decoy:,true,284,137,,0.786,true,false,true,false,1,1,Between,0.097,0.097,0.14,0.786,,0.116,0.082,0.119,,0.092,0.073,,145
157,236,OpenPepXL_362,P0A8V2,,,false,P0A8T7,,,false,161,779,,0.786,false,true,false,false,1,1,Between,0.097,0.097,0.14,0.786,,0.157,0.157,0,,0.092,0.073,,38
156,184,OpenPepXL_427,Q9UHL3,,,false,P0A853,,,false,11,237,,0.785,false,true,false,false,1,1,Between,0.097,0.097,0.127,0.785,,0.077,0.077,0.119,,0.092,0.073,,143
155,233,OpenPepXL_281,P69908;P69910,;,;,false,P07288,,,false,451;451,191,,0.784,false,true,false,false,1,1,Between,0.097,0.097,0.13,0.784,,0.077,0.166,0.119,,0.092,0.073,,142
154,232,OpenPepXL_444,P02359,,,false,P67910,,,false,169,265,,0.784,false,true,false,false,1,1,Between,0.097,0.097,0.13,0.784,,0.079,0.079,0.119,,0.092,0.073,,141
153,231,OpenPepXL_323,P0A991,,,false,P0A8N3,,,false,331,298,,0.784,false,true,false,false,1,1,Between,0.097,0.097,0.127,0.784,,0.156,0.157,0.119,,0.092,0.073,,140
152,230,OpenPepXL_21,P0A707,,,false,P0A7S9,,,false,161,115,,0.784,false,true,false,false,1,1,Between,0.097,0.097,0.127,0.784,,0.157,0.077,0,,0.092,0.073,,41
151,229,OpenPepXL_203,P0A705,,,false,P0A7S3,,,false,299,106,,0.784,false,true,false,false,1,1,Between,0.097,0.097,0.127,0.784,,0.077,0.157,0,,0.092,0.073,,138
150,228,OpenPepXL_164,P0A8J8,,,false,P21513,,,false,230,726,,0.784,false,true,false,false,1,1,Between,0.097,0.097,0.151,0.784,,0.077,0.116,0.119,,0.092,0.073,,137
149,227,OpenPepXL_228,P0A6Y1,,,false,P0ADZ4,,,false,67,69,,0.783,false,true,false,false,1,1,Between,0.097,0.097,0.151,0.783,,0.167,0.151,0.119,,0.092,0.073,,136
148,226,OpenPepXL_395,P09831,,,false,P0ABH7,,,false,1121,307,,0.783,false,true,false,false,1,1,Between,0.097,0.097,0.145,0.783,,0.086,0.133,0.119,,0.092,0.073,,135
147,225,OpenPepXL_454,P02358,,,false,P0ACF4,,,false,33,65,,0.783,false,true,false,false,1,1,Between,0.097,0.097,0.145,0.783,,0.133,0.116,0.119,,0.092,0.073,,134
146,224,OpenPepXL_298,P0A8T7,,,false,P0A8V2,,,false,787,161,,0.783,false,true,false,false,1,1,Between,0.097,0.097,0.107,0.783,,0.157,0.157,0,,0.092,0.073,,38
145,223,OpenPepXL_360,Q3KQV9,,,false,P0A6Z3,,,false,214,71,,0.783,false,true,false,false,1,1,Between,0.097,0.097,0.105,0.783,,0.116,0.116,0.119,,0.092,0.073,,132
144,213,OpenPepXL_392,P0A7L0,,,false,P76463,,,false,203,463,,0.783,false,true,false,false,1,1,Between,0.097,0.097,0.105,0.783,,0.077,0.157,0.119,,0.092,0.073,,131
143,221,OpenPepXL_426,Q7L266,,,false,P0A853,,,false,255,237,,0.782,false,true,false,false,1,1,Between,0.097,0.097,0.105,0.782,,0.077,0.077,0,,0.092,0.073,,130
142,220,OpenPepXL_265,P0AG16,,,false,Q46897,,,false,325,127,,0.782,false,true,false,false,1,1,Between,0.097,0.097,0.105,0.782,,0.077,0.077,0.119,,0.092,0.073,,129
141,219,OpenPepXL_291,P04079,,,false,P51790,,,false,464,775,,0.782,false,true,false,false,1,1,Between,0.097,0.097,0.105,0.782,,0.077,0.099,0.119,,0.092,0.073,,128
140,218,OpenPepXL_321,P0A9P0,,,false,P0AFG8,,,false,282,366,,0.782,false,true,false,false,1,1,Between,0.097,0.097,0.107,0.782,,0.167,0.157,0.119,,0.092,0.073,,127
139,194,OpenPepXL_398,P0A6Y1,,,false,P45552;P16432;P0A7U7,;;,;;,false,63,5;4;31,,0.782,false,true,false,false,1,1,Between,0.097,0.097,0.107,0.782,,0.167,0.116,0.119,,0.092,0.073,,126
138,216,OpenPepXL_230,P06612,,,false,Q6ZSB9,,,false,482,581,,0.782,false,true,false,false,1,1,Between,0.097,0.097,0.105,0.782,,0.099,0.077,0.119,,0.092,0.073,,125
137,215,OpenPepXL_308,P68191,,,false,P0A7T3,,,false,14,78,,0.782,false,true,false,false,1,1,Between,0.097,0.097,0.105,0.782,,0.166,0.077,0.119,,0.092,0.073,,124
136,214,OpenPepXL_124,P0A7K2,,,false,P0AG55,,,false,69,158,,0.782,false,true,false,false,1,1,Between,0.097,0.097,0.105,0.782,,0.077,0.077,0,,0.092,0.073,,44
135,71,OpenPepXL_314,P0A6Y1,,,false,P0A6X7,,,false,63,95,,0.781,false,true,false,false,1,1,Between,0.097,0.097,0.103,0.781,,0.167,0.116,0,,0.092,0.073,,122
134,211,OpenPepXL_202,P0ACF0,,,false,P0A7S9,,,false,65,115,,0.781,false,true,false,false,1,1,Between,0.097,0.097,0.103,0.781,,0.077,0.077,0.119,,0.092,0.073,,121
133,210,OpenPepXL_112,P0A853,,,false,O95081,,,false,441,-1,,0.781,false,true,false,false,1,1,Between,0.097,0.097,0.103,0.781,,0.077,0.116,0.119,,0.092,0.073,,120
132,209,OpenPepXL_443,Q9UN30,,,false,P0A7L3,,,false,97,83,,0.781,false,true,false,false,1,1,Between,0.097,0.097,0.105,0.781,,0.116,0.116,0.119,,0.092,0.073,,119
131,208,OpenPepXL_46,P0A9P0,,,false,Q8NGG8,,,false,336,300,,0.781,false,true,false,false,1,1,Between,0.097,0.097,0.105,0.781,,0.167,0.077,0.119,,0.092,0.073,,118
130,207,OpenPepXL_109,P21179,,,false,P24181;Q8IWT0,;,;,false,597,305;19,,0.78,false,true,false,false,1,1,Between,0.097,0.097,0.105,0.78,,0.077,0.077,0,,0.092,0.073,,17
129,206,OpenPepXL_450,P62399,,,false,P29745,,,false,118,283,,0.78,false,true,false,false,1,1,Between,0.097,0.097,0.105,0.78,,0.077,0.082,0.119,,0.092,0.073,,116
128,205,OpenPepXL_339,P0AFG6,,,false,P0A9P0,,,false,131,282,,0.78,false,true,false,false,1,1,Between,0.097,0.097,0.105,0.78,,0.077,0.167,0,,0.092,0.073,,115
126,203,OpenPepXL_333,P0A7N4,,,false,P0AG44,,,false,30,117,,0.78,false,true,false,false,1,1,Between,0.097,0.097,0.111,0.78,,0.123,0.166,0,,0.092,0.073,,114
125,201,OpenPepXL_98,P0A9Q5,,,false,decoy:sp|Q47689|MMUP_ECOLI,decoy:,decoy:,true,98,450,,0.779,true,false,true,false,1,1,Between,0.097,0.097,0.111,0.779,,0.157,0.133,0.119,,0.092,0.073,,113
123,198,OpenPepXL_37,P0A705;P0A705,,;,false,P06721,,,false,139;147,299,,0.779,false,true,false,false,1,1,Between,0.097,0.097,0.089,0.779,,0.077,0.121,0.119,,0.092,0.073,,112
121,183,OpenPepXL_135,P0AG55,,,false,Q46892,,,false,85,135,,0.779,false,true,false,false,1,1,Between,0.097,0.097,0,0.779,,0.077,0.13,0.119,,0.092,0.073,,111
120,132,OpenPepXL_62,P0AFG6,,,false,Q6P587,,,false,154,145,,0.778,false,true,false,false,1,1,Between,0.097,0.097,0,0.778,,0.077,0.077,0.119,,0.092,0.073,,110
119,191,OpenPepXL_288,P0A9P0,,,false,P0AFG3,,,false,336,-1,,0.777,false,true,false,false,1,1,Between,0.097,0.097,0,0.777,,0.167,0.156,0.119,,0.092,0.073,,109
118,190,OpenPepXL_194,P0A7L0,,,false,Q8N5M9,,,false,203,-1,,0.777,false,true,false,false,1,1,Between,0.097,0.097,0,0.777,,0.077,0.077,0.119,,0.092,0.073,,108
117,189,OpenPepXL_375,P0A6X7,,,false,P0A7U3,,,false,64,85,,0.777,false,true,false,false,1,1,Between,0.097,0.097,0,0.777,,0.116,0.077,0.119,,0.092,0.073,,107
116,188,OpenPepXL_247,P0A8T7,,,false,P0A8V2,,,false,4,1301,,0.777,false,true,false,false,1,1,Between,0.097,0.097,0,0.777,,0.157,0.157,0,,0.092,0.073,,38
115,187,OpenPepXL_264,P0A8M6,,,false,Q9UNS2,,,false,86,303,,0.777,false,true,false,false,1,1,Between,0.097,0.097,0,0.777,,0.116,0.117,0.119,,0.092,0.073,,105
114,186,OpenPepXL_185,P60422,,,false,P0A7K2,,,false,95,69,,0.777,false,true,false,false,1,1,Between,0.097,0.097,0,0.777,,0.077,0.077,0.119,,0.092,0.073,,104
113,185,OpenPepXL_97,P0A9K3,,,false,decoy:sp|P37645|YHJG_ECOLI,decoy:,decoy:,true,338,301,,0.777,true,false,true,false,1,1,Between,0.097,0.097,0,0.777,,0.079,0.166,0.119,,0.092,0.073,,103
112,182,OpenPepXL_24,P0A7N4,,,false,P61175,,,false,35,46,,0.776,false,true,false,false,1,1,Between,0.097,0.097,0,0.776,,0.123,0.077,0,,0.092,0.073,,102
111,181,OpenPepXL_396,P0A7R9,,,false,P0AG67,,,false,78,317,,0.776,false,true,false,false,1,1,Between,0.097,0.097,0,0.776,,0.077,0.077,0,,0.092,0.073,,101
110,179,OpenPepXL_268,P0A8N3,,,false,decoy:sp|Q9H106|SIRPD_HUMAN,decoy:,decoy:,true,130,74,,0.776,true,false,true,false,1,1,Between,0.097,0.097,0,0.776,,0.157,0.099,0.119,,0.092,0.073,,100
109,178,OpenPepXL_74,P24238,,,false,P0A7J7,,,false,102,79,,0.776,false,true,false,false,1,1,Between,0.097,0.097,0,0.776,,0.077,0.167,0.119,,0.092,0.073,,99
108,177,OpenPepXL_122,P0ACF0,,,false,P0A7J7,,,false,65,90,,0.776,false,true,false,false,1,1,Between,0.097,0.097,0,0.776,,0.077,0.167,0.119,,0.092,0.073,,98
107,175,OpenPepXL_172,P16703,,,false,P0A853,,,false,86,237,,0.775,false,true,false,false,1,1,Between,0.097,0.097,0,0.775,,0.077,0.077,0.119,,0.092,0.073,,97
106,25,OpenPepXL_10,P0AG67,,,false,P77414,,,false,0,232,,0.775,false,true,false,false,1,1,Between,0.097,0.097,0,0.775,,0.077,0.123,0.119,,0.092,0.073,,96
105,173,OpenPepXL_115,P0A7V0,,,false,P35638,,,false,126,115,,0.775,false,true,false,false,1,1,Between,0.097,0.097,0,0.775,,0.116,0.077,0.119,,0.092,0.073,,95
104,171,OpenPepXL_212,P0A7U3,,,false,P0A705,,,false,27,847,,0.774,false,true,false,false,1,1,Between,0.097,0.097,0,0.774,,0.077,0.077,0,,0.092,0.073,,45
103,169,OpenPepXL_121,P0A7J3,,,false,P0A7K2,,,false,35,69,,0.774,false,true,false,false,1,1,Between,0.097,0.097,0,0.774,,0.166,0.077,0,,0.092,0.073,,62
102,168,OpenPepXL_412,P0ADZ7,,,false,P77399,,,false,50,234,,0.774,false,true,false,false,1,1,Between,0.097,0.097,0,0.774,,0.116,0.149,0.119,,0.092,0.073,,92
101,155,OpenPepXL_123,P0AFG6,,,false,P0AFG3,,,false,150,-1,,0.773,false,true,false,false,1,1,Between,0.097,0.097,0,0.773,,0.077,0.156,0,,0.092,0.073,,42
100,166,OpenPepXL_141,P0AE08,,,false,Q96HH9,,,false,25,169,,0.773,false,true,false,false,1,1,Between,0.097,0.097,0,0.773,,0.077,0.163,0.119,,0.092,0.073,,90
99,164,OpenPepXL_312,P0AFG3,,,false,Q7L211,,,false,283,241,,0.772,false,true,false,false,1,1,Between,0.097,0.097,0,0.772,,0.156,0.077,0.119,,0.092,0.073,,89
98,159,OpenPepXL_248,P0A7Z4,,,false,Q46819,,,false,93,40,,0.772,false,true,false,false,1,1,Between,0.097,0.097,0,0.772,,0.099,0.116,0,,0.092,0.073,,88
97,158,OpenPepXL_347,P0A7V0,,,false,P0ACF4,,,false,9,16,,0.771,false,true,false,false,1,1,Between,0.097,0.097,0,0.771,,0.116,0.116,0.119,,0.092,0.073,,87
96,157,OpenPepXL_387,P0AGE9,,,false,Q8N6T3,,,false,239,72,,0.771,false,true,false,false,1,1,Between,0.097,0.097,0,0.771,,0.077,0.151,0.119,,0.092,0.073,,86
95,150,OpenPepXL_138,P77206;P52132,;,;,false,P0A7J7,,,false,29;29,79,,0.769,false,true,false,false,1,1,Between,0.097,0.097,0,0.769,,0.077,0.167,0.119,,0.092,0.073,,85
94,148,OpenPepXL_390,P0ACF0,,,false,P0A7S3,,,false,63,42,,0.769,false,true,false,false,1,1,Between,0.097,0.097,0,0.769,,0.077,0.157,0.119,,0.092,0.073,,84
93,147,OpenPepXL_201,P25519,,,false,P0ADY3,,,false,49,52,,0.769,false,true,false,false,1,1,Between,0.097,0.097,0,0.769,,0.077,0.163,0.119,,0.092,0.073,,83
92,145,OpenPepXL_31,P08048,,,false,P0ADZ4,,,false,716,46,,0.768,false,true,false,false,1,1,Between,0.097,0.097,0,0.768,,0.077,0.151,0.119,,0.092,0.073,,82
91,144,OpenPepXL_77,P0A9P0,,,false,P52061,,,false,104,99,,0.768,false,true,false,false,1,1,Between,0.097,0.097,0,0.768,,0.167,0.077,0.119,,0.092,0.073,,81
90,143,OpenPepXL_180,P0A8E5,,,false,P0A8T7,,,false,12,38,,0.768,false,true,false,false,1,1,Between,0.097,0.097,0,0.768,,0.077,0.157,0.119,,0.092,0.073,,80
89,142,OpenPepXL_22,P0AFG6,,,false,P0AFG3,,,false,146,477,,0.768,false,true,false,false,1,1,Between,0.097,0.097,0,0.768,,0.077,0.156,0,,0.092,0.073,,42
88,138,OpenPepXL_137,P0A836,,,false,A1YPR0,,,false,0,406,,0.767,false,true,false,false,1,1,Between,0.097,0.097,0,0.767,,0.166,0.077,0.119,,0.092,0.073,,78
87,137,OpenPepXL_191,Q9UI46,,,false,P0A7S9,,,false,667,115,,0.766,false,true,false,false,1,1,Between,0.097,0.097,0,0.766,,0.149,0.077,0.119,,0.092,0.073,,77
86,136,OpenPepXL_140,P0A7V0,,,false,P76053,,,false,9,-1,,0.766,false,true,false,false,1,1,Between,0.097,0.097,0,0.766,,0.116,0.077,0.119,,0.092,0.073,,76
85,135,OpenPepXL_181,P09373,,,false,Q8NHV4,,,false,452,572,,0.766,false,true,false,false,1,1,Between,0.097,0.097,0,0.766,,0.077,0.077,0.119,,0.092,0.073,,75
83,130,OpenPepXL_353,P0ACF4,,,false,P0A7U3,,,false,16,85,,0.765,false,true,false,false,1,1,Between,0.097,0.097,0,0.765,,0.116,0.077,0,,0.092,0.073,,74
82,129,OpenPepXL_210,P0A7W7,,,false,P0A7V0,,,false,20,26,,0.765,false,true,false,false,1,1,Between,0.097,0.097,0,0.765,,0.077,0.116,0,,0.092,0.073,,73
81,127,OpenPepXL_408,P0ACF0,,,false,P60422,,,false,65,181,,0.765,false,true,false,false,1,1,Between,0.097,0.097,0,0.765,,0.077,0.077,0,,0.092,0.073,,72
80,126,OpenPepXL_136,P0A7Z4,,,false,P33341,,,false,0,747,,0.765,false,true,false,false,1,1,Between,0.097,0.097,0,0.765,,0.099,0.157,0.119,,0.092,0.073,,71
78,123,OpenPepXL_359,P0A6Z3,,,false,Q8N8Q1,,,false,71,17,,0.763,false,true,false,false,1,1,Between,0.097,0.097,0,0.763,,0.116,0.077,0.119,,0.092,0.073,,70
77,122,OpenPepXL_23,P0A7N9,,,false,P0A7L0,,,false,48,196,,0.763,false,true,false,false,1,1,Between,0.097,0.097,0,0.763,,0.116,0.077,0.119,,0.092,0.073,,69
76,100,OpenPepXL_354,P06959,,,false,P0AFG8,,,false,529,366,,0.762,false,true,false,false,1,1,Between,0.097,0.097,0,0.762,,0.157,0.157,0.119,,0.092,0.073,,68
75,120,OpenPepXL_65,P0A7Z4,,,false,P0A7R5,,,false,295,-1,,0.762,false,true,false,false,1,1,Between,0.097,0.097,0,0.762,,0.099,0.077,0.119,,0.092,0.073,,67
74,113,OpenPepXL_381,P0A786,,,false,P0A7F3,,,false,163,138,,0.761,false,true,false,false,1,1,Between,0.097,0.097,0,0.761,,0.157,0.077,0,,0.092,0.073,,66
73,109,OpenPepXL_63,P0A6L4,,,false,Q9H511;P05976;P10916,;;,;;,false,73,-1;-1;-1,,0.76,false,true,false,false,1,1,Between,0.097,0.097,0,0.76,,0.149,0.123,0.119,,0.092,0.073,,65
72,108,OpenPepXL_307,P0A6Z1,,,false,P0ACD4,,,false,607,78,,0.758,false,true,false,false,1,1,Between,0.097,0.097,0,0.758,,0.077,0.166,0.119,,0.092,0.073,,64
71,106,OpenPepXL_320,P0AG67,,,false,P02359,,,false,148,147,,0.757,false,true,false,false,1,1,Between,0.097,0.097,0,0.757,,0.077,0.079,0,,0.092,0.073,,47
70,105,OpenPepXL_143,P0A7K2,,,false,P0A7J3,,,false,106,99,,0.756,false,true,false,false,1,1,Between,0.097,0.097,0,0.756,,0.077,0.166,0,,0.092,0.073,,62
69,104,OpenPepXL_334,P09373,,,false,Q02218,,,false,15,-1,,0.755,false,true,false,false,1,1,Between,0.097,0.097,0,0.755,,0.077,0.077,0.119,,0.092,0.073,,61
68,103,OpenPepXL_313,P0A9M8,,,false,P0A9Q1,,,false,315,193,,0.755,false,true,false,false,1,1,Between,0.097,0.097,0,0.755,,0.167,0.13,0.119,,0.092,0.073,,60
67,102,OpenPepXL_195,P0A7S3,,,false,P69222,,,false,43,40,,0.755,false,true,false,false,1,1,Between,0.097,0.097,0,0.755,,0.157,0.163,0.119,,0.092,0.073,,59
66,99,OpenPepXL_377,P04079,,,false,P0AER0,,,false,464,251,,0.754,false,true,false,false,1,1,Between,0.097,0.097,0,0.754,,0.077,0.166,0.119,,0.092,0.073,,58
64,97,OpenPepXL_197,P0A6Y1,,,false,P0A7V3,,,false,63,47,,0.753,false,true,false,false,1,1,Between,0.097,0.097,0,0.753,,0.167,0.13,0.119,,0.092,0.073,,57
63,95,OpenPepXL_132,P0A6F5,,,false,Q3C1V8,,,false,53,164,,0.753,false,true,false,false,1,1,Between,0.097,0.097,0,0.753,,0.077,0.077,0.119,,0.092,0.073,,56
62,93,OpenPepXL_407,P0A7Y8,,,false,P36999;Q8WXU2,;,;,false,88,125;120,,0.752,false,true,false,false,1,1,Between,0.097,0.097,0,0.752,,0.156,0.116,0.119,,0.092,0.073,,55
61,92,OpenPepXL_47,P0AG67,,,false,P0A7X3,,,false,148,127,,0.752,false,true,false,false,1,1,Between,0.097,0.097,0,0.752,,0.077,0.116,0.119,,0.092,0.073,,54
60,91,OpenPepXL_393,P0AG55,,,false,P0A7K2,,,false,156,69,,0.752,false,true,false,false,1,1,Between,0.097,0.097,0,0.752,,0.077,0.077,0,,0.092,0.073,,44
59,90,OpenPepXL_305,P0A6M8,,,false,P13029,,,false,368,420,,0.752,false,true,false,false,1,1,Between,0.097,0.097,0,0.752,,0.151,0.123,0.119,,0.092,0.073,,52
57,88,OpenPepXL_68,P0A705,,,false,P0A7V3,,,false,192,78,,0.752,false,true,false,false,1,1,Between,0.097,0.097,0,0.752,,0.077,0.13,0,,0.092,0.073,,18
56,87,OpenPepXL_207,P0A9T0,,,false,P0C7L2,,,false,396,237,,0.751,false,true,false,false,1,1,Between,0.097,0.097,0,0.751,,0.077,0.077,0.119,,0.092,0.073,,50
55,52,OpenPepXL_405,Q02246,,,false,P0ABP8,,,false,367,25,,0.751,false,true,false,false,1,1,Between,0.097,0.097,0,0.751,,0.116,0.082,0.119,,0.092,0.073,,49
54,85,OpenPepXL_196,P0A707,,,false,P0A7S9,,,false,123,115,,0.751,false,true,false,false,1,1,Between,0.097,0.097,0,0.751,,0.157,0.077,0,,0.092,0.073,,41
53,84,OpenPepXL_300,P0AG67,,,false,P02359,,,false,227,147,,0.75,false,true,false,false,1,1,Between,0.097,0.097,0,0.75,,0.077,0.079,0,,0.092,0.073,,47
52,83,OpenPepXL_127,P04079,,,false,P62316;P0A940,;,;,false,356,49;308,,0.75,false,true,false,false,1,1,Between,0.097,0.097,0,0.75,,0.077,0.077,0.119,,0.092,0.073,,46
51,82,OpenPepXL_51,P0A705,,,false,P0A7U3,,,false,847,85,,0.749,false,true,false,false,1,1,Between,0.097,0.097,0,0.749,,0.077,0.077,0,,0.092,0.073,,45
50,81,OpenPepXL_131,P0AG55,,,false,P0A7K2,,,false,25,69,,0.749,false,true,false,false,1,1,Between,0.097,0.097,0,0.749,,0.077,0.077,0,,0.092,0.073,,44
48,72,OpenPepXL_178,P0A7Z4,,,false,P0AFF6,,,false,297,36,,0.748,false,true,false,false,1,1,Between,0.097,0.097,0,0.748,,0.099,0.156,0,,0.092,0.073,,43
47,77,OpenPepXL_126,P0AFG6,,,false,P0AFG3,,,false,25,477,,0.747,false,true,false,false,1,1,Between,0.097,0.097,0,0.747,,0.077,0.156,0,,0.092,0.073,,42
46,75,OpenPepXL_89,P0A707,,,false,P0A7S9,,,false,162,112,,0.746,false,true,false,false,1,1,Between,0.097,0.097,0,0.746,,0.157,0.077,0,,0.092,0.073,,41
45,73,OpenPepXL_130,P0ACF4,,,false,P13518,,,false,16,399,,0.745,false,true,false,false,1,1,Between,0.097,0.097,0,0.745,,0.116,0.077,0.119,,0.092,0.073,,40
44,70,OpenPepXL_34,P09831,,,false,Q7Z4R8,,,false,1125,-1,,0.743,false,true,false,false,1,1,Between,0.097,0.097,0,0.743,,0.086,0.077,0.119,,0.092,0.073,,39
42,67,OpenPepXL_363,P0A8V2,,,false,P0A8T7,,,false,161,932,,0.742,false,true,false,false,1,1,Between,0.097,0.097,0,0.742,,0.157,0.157,0,,0.092,0.073,,38
41,65,OpenPepXL_350,P0A7K6,,,false,P17443,,,false,104,61,,0.741,false,true,false,false,1,1,Between,0.097,0.097,0,0.741,,0.086,0.077,0.119,,0.092,0.073,,37
40,64,OpenPepXL_66,P45759,,,false,P02358,,,false,123,102,,0.741,false,true,false,false,1,1,Between,0.097,0.097,0,0.741,,0.077,0.133,0.119,,0.092,0.073,,36
39,63,OpenPepXL_425,P04079,,,false,Q9P1C3,,,false,464,8,,0.74,false,true,false,false,1,1,Between,0.097,0.097,0,0.74,,0.077,0.077,0.119,,0.092,0.073,,35
38,62,OpenPepXL_420,P0A7V8,,,false,Q01449,,,false,175,3,,0.74,false,true,false,false,1,1,Between,0.097,0.097,0,0.74,,0.077,0.116,0,,0.092,0.073,,34
37,59,OpenPepXL_358,P0AG59,,,false,A6NEQ2,,,false,17,88,,0.738,false,true,false,false,1,1,Between,0.097,0.097,0,0.738,,0.156,0.077,0.119,,0.092,0.073,,33
36,58,OpenPepXL_376,P0A9G6,,,false,Q969F0,,,false,241,-1,,0.738,false,true,false,false,1,1,Between,0.097,0.097,0,0.738,,0.077,0.077,0.119,,0.092,0.073,,32
35,55,OpenPepXL_413,P0A6Y1,,,false,P0A7W1,,,false,63,24,,0.736,false,true,false,false,1,1,Between,0.097,0.097,0,0.736,,0.167,0.157,0.119,,0.092,0.073,,31
34,54,OpenPepXL_220,P30870,,,false,P0ABP8,,,false,668,25,,0.735,false,true,false,false,1,1,Between,0.097,0.097,0,0.735,,0.077,0.082,0.119,,0.092,0.073,,30
33,53,OpenPepXL_18,P04792,,,false,P0A853,,,false,137,237,,0.733,false,true,false,false,1,1,Between,0.097,0.097,0,0.733,,0.166,0.077,0.119,,0.092,0.073,,29
32,51,OpenPepXL_79,P0A9A9,,,false,P35625,,,false,115,137,,0.732,false,true,false,false,1,1,Between,0.097,0.097,0,0.732,,0.116,0.166,0.119,,0.092,0.073,,28
31,50,OpenPepXL_411,P09162,,,false,P0A6V1,,,false,19,422,,0.732,false,true,false,false,1,1,Between,0.097,0.097,0,0.732,,0.157,0.166,0.119,,0.092,0.073,,27
30,49,OpenPepXL_416,P0AEU7,,,false,P0A7L0,,,false,83,52,,0.731,false,true,false,false,1,1,Between,0.097,0.097,0,0.731,,0.077,0.077,0.119,,0.092,0.073,,26
29,46,OpenPepXL_417,P00579,,,false,P43307,,,false,119,277,,0.731,false,true,false,false,1,1,Between,0.097,0.097,0,0.731,,0.077,0.077,0.119,,0.092,0.073,,25
27,44,OpenPepXL_235,P0A7R1,,,false,P0ABU9,,,false,55,56,,0.73,false,true,false,false,1,1,Between,0.097,0.097,0,0.73,,0.077,0.092,0.119,,0.092,0.073,,24
26,43,OpenPepXL_52,P08839,,,false,P21499;P0A707,;,;,false,29,751;3,,0.729,false,true,false,false,1,1,Between,0.097,0.097,0,0.729,,0.103,0.151,0.119,,0.092,0.073,,23
25,38,OpenPepXL_232,P69931,,,false,Q9UBL0,,,false,226,251,,0.725,false,true,false,false,1,1,Between,0.097,0.097,0,0.725,,0.077,0.077,0.119,,0.092,0.073,,22
24,37,OpenPepXL_9,P0AG67,,,false,Q69YU5,,,false,502,48,,0.724,false,true,false,false,1,1,Between,0.097,0.097,0,0.724,,0.077,0.116,0.119,,0.092,0.073,,21
23,35,OpenPepXL_418,P68679,,,false,P0AG67,,,false,23,160,,0.724,false,true,false,false,1,1,Between,0.097,0.097,0,0.724,,0.077,0.077,0.119,,0.092,0.073,,20
22,33,OpenPepXL_366,P0A7R1,,,false,P55145,,,false,55,43,,0.722,false,true,false,false,1,1,Between,0.097,0.097,0,0.722,,0.077,0.151,0.119,,0.092,0.073,,19
19,30,OpenPepXL_177,P0A705,,,false,P0A7V3,,,false,224,106,,0.719,false,true,false,false,1,1,Between,0.097,0.097,0,0.719,,0.077,0.13,0,,0.092,0.073,,18
18,26,OpenPepXL_372,P21179,,,false,P24181;Q8IWT0,;,;,false,629,305;19,,0.705,false,true,false,false,1,1,Between,0.097,0.097,0,0.705,,0.077,0.077,0,,0.092,0.073,,17
17,23,OpenPepXL_438,decoy:sp|P0AD30|YFCA_ECOLI,decoy:,decoy:,true,P11458;P0A6G7;Q32MQ0,;;,;;,false,32,36;37;3,,0.701,true,false,true,false,1,1,Between,0.097,0.098,0,0.701,,0.115,0.077,0.119,,0.092,0.073,,16
16,22,OpenPepXL_470,P02359,,,false,P68679;P0AEJ6,;,;,false,134,-1;139,,0.688,false,true,false,false,1,1,Between,0.097,0.097,-0.143,0.688,,0.079,0.082,0.119,,0.092,0.073,,15
15,20,OpenPepXL_370,P0AG67,,,false,A6NKC0,,,false,0,-1,,0.675,false,true,false,false,1,1,Between,0.097,0.097,-0.167,0.675,,0.077,0.156,0.119,,0.092,0.073,,14
13,17,OpenPepXL_85,P0A8T7,,,false,P37326,,,false,323,157,,0.638,false,true,false,false,1,1,Between,0.097,0.098,-0.2,0.638,,0.157,0.103,0.119,,0.092,0.073,,13
12,16,OpenPepXL_466,P0A7R1,,,false,Q9HB14,,,false,55,157,,0.602,false,true,false,false,1,1,Between,0.097,0.099,-0.25,0.602,,0.077,0.077,0.119,,0.092,0.073,,12
11,12,OpenPepXL_474,decoy:sp|P37024|HRPB_ECOLI,decoy:,decoy:,true,decoy:sp|A6NJI9|LRC72_HUMAN,decoy:,decoy:,true,27,258,,0.589,true,false,false,true,1,1,Between,0.097,0.099,-0.333,0.589,,0.157,0.151,0.119,,0.092,0.073,,11
10,10,OpenPepXL_472,decoy:sp|P42702|LIFR_HUMAN,decoy:,decoy:,true,decoy:sp|P0A8F8|UVRB_ECOLI,decoy:,decoy:,true,644,669,,0.564,true,false,false,true,1,1,Between,0.097,0.1,0,0.564,,0.086,0.167,0.119,,0.092,0.073,,10
9,9,OpenPepXL_478,Q9HAY6,,,false,P0A6G5,,,false,440,68,,0.564,false,true,false,false,1,1,Between,0.097,0.1,0,0.564,,0.082,0.103,0.119,,0.092,0.073,,9
8,8,OpenPepXL_468,decoy:sp|P26616|MAO1_ECOLI,decoy:,decoy:,true,decoy:sp|Q96S42|NODAL_HUMAN,decoy:,decoy:,true,1,97,,0.563,true,false,false,true,1,1,Between,0.097,0.1,0,0.563,,0.077,0.116,0.119,,0.092,0.073,,8
7,7,OpenPepXL_86,P0A8T7,,,false,P42677,,,false,323,-1,,0.557,false,true,false,false,1,1,Between,0.097,0.1,0,0.557,,0.157,0.166,0.119,,0.092,0.073,,7
6,6,OpenPepXL_479,decoy:sp|P53816|PLAT3_HUMAN,decoy:,decoy:,true,decoy:sp|P0AG14|SOHB_ECOLI,decoy:,decoy:,true,3,2,,0.553,true,false,false,true,1,1,Between,0.097,0.1,1,0.553,,0.157,0.137,0.119,,0.092,0.073,,6
5,5,OpenPepXL_476,P75777,,,false,P0AG67,,,false,297,160,,0.538,false,true,false,false,1,1,Between,0.097,0.1,3,0.538,,0.077,0.077,0.119,,0.092,0.073,,5
4,4,OpenPepXL_471,decoy:sp|P0AAG8|MGLA_ECOLI,decoy:,decoy:,true,decoy:sp|Q9UM21|MGT4A_HUMAN,decoy:,decoy:,true,189,187,,0.527,true,false,false,true,1,1,Between,0.097,0.1,,0.527,,0.142,0.11,0.119,,0.092,0.073,,4
3,3,OpenPepXL_473,decoy:sp|P41036|NANT_ECOLI,decoy:,decoy:,true,Q8IYD9,,,false,0,152,,0.525,true,false,true,false,1,1,Between,0.1,0.104,,0.525,,0.092,0.077,0.124,,0.095,0.076,,3
2,2,OpenPepXL_475,Q14254,,,false,decoy:sp|Q6BEX0|YTFR_ECOLI,decoy:,decoy:,true,265,487,,0.518,true,false,true,false,1,1,Between,0.104,0.102,,0.518,,0.079,0.128,0.128,,0.099,0.078,,2
1,1,OpenPepXL_477,Q96K76,,,false,decoy:sp|Q9NS67|GPR27_HUMAN,decoy:,decoy:,true,839,-1,,0.498,true,false,true,false,1,1,Between,0.108,0.11,,0.498,,0.117,0.166,0.133,,0.102,0.08,,1
0,0,OpenPepXL_469,P0ABC7,,,false,decoy:sp|A8MTZ0|BBIP1_HUMAN,decoy:,decoy:,true,209,-1,,0.495,true,false,true,false,1,1,Between,0.111,0.111,,0.495,,0.099,0.116,0.137,,0.105,0.082,,0
