ProteinGroupID,ProteinGroup,Names,Descriptions,Sequence,Crosslinker,Score,isDecoy,isTT,isTD,isDD,PSM IDs,fdrGroup,fdr,ifdr,PEP,
108,P0AFD6,,,,,∞,false,true,false,false,OpenPepXL_96,Between only,0.17037037037037037,NaN,0.0,0.835924161282881
43,decoy:sp|P63313|TYB10_HUMAN,decoy:,decoy:,,,∞,true,false,true,false,OpenPepXL_28,Between only,0.17037037037037037,NaN,0.0,0.808857316703371
60,P0A9P0,,,,,∞,false,true,false,false,OpenPepXL_64;OpenPepXL_321;OpenPepXL_76;OpenPepXL_46;OpenPepXL_319;OpenPepXL_322;OpenPepXL_77;OpenPepXL_339;OpenPepXL_144;OpenPepXL_288,Between only,0.16728624535315986,NaN,0.0,0.820462723098765
255,P0A9M8,,,,,∞,false,true,false,false,OpenPepXL_313,Between only,0.16728624535315986,NaN,0.0,0.755375146591852
48,P0A7J7,,,,,∞,false,true,false,false,OpenPepXL_32;OpenPepXL_90;OpenPepXL_179;OpenPepXL_61;OpenPepXL_122;OpenPepXL_74;OpenPepXL_138,Between only,0.16728624535315986,NaN,0.0,0.802527248932254
45,P0A6Y1,,,,,∞,false,true,false,false,OpenPepXL_269;OpenPepXL_452;OpenPepXL_266;OpenPepXL_398;OpenPepXL_410;OpenPepXL_409;OpenPepXL_413;OpenPepXL_197;OpenPepXL_414;OpenPepXL_415;OpenPepXL_236;OpenPepXL_237;OpenPepXL_482;OpenPepXL_30;OpenPepXL_239;OpenPepXL_221;OpenPepXL_240;OpenPepXL_304;OpenPepXL_314;OpenPepXL_228,Between only,0.16728624535315986,NaN,0.0,0.82324262783011
319,decoy:sp|P0A8F8|UVRB_ECOLI,decoy:,decoy:,,,∞,true,false,true,false,OpenPepXL_472,Between only,0.16728624535315986,NaN,0.0,0.563905605642764
169,P0AG44,,,,,∞,false,true,false,false,OpenPepXL_166;OpenPepXL_227;OpenPepXL_333,Between only,0.1660377358490566,NaN,0.0,0.848573393882031
252,P0ACD4,,,,,∞,false,true,false,false,OpenPepXL_307,Between only,0.1660377358490566,NaN,0.0,0.758082938520098
280,P0AER0,,,,,∞,false,true,false,false,OpenPepXL_377,Between only,0.1660377358490566,NaN,0.0,0.754118088786299
140,P0A7J3,,,,,∞,false,true,false,false,OpenPepXL_251;OpenPepXL_463;OpenPepXL_331;OpenPepXL_121;OpenPepXL_143,Between only,0.1660377358490566,NaN,0.0,0.81919148154562
29,P04792,,,,,∞,false,true,false,false,OpenPepXL_18,Between only,0.1660377358490566,NaN,0.0,0.7327857517141
233,P07288,,,,,∞,false,true,false,false,OpenPepXL_281,Between only,0.1660377358490566,NaN,0.0,0.784356085183986
93,P35625,,,,,∞,false,true,false,false,OpenPepXL_79,Between only,0.1660377358490566,NaN,0.0,0.732431971342965
291,P0A6V1,,,,,∞,false,true,false,false,OpenPepXL_411,Between only,0.1660377358490566,NaN,0.0,0.731663565895333
178,P15848,,,,,∞,false,true,false,false,OpenPepXL_182,Between only,0.1660377358490566,NaN,0.0,0.798623378943234
113,P00956,,,,,∞,false,true,false,false,OpenPepXL_99,Between only,0.1660377358490566,NaN,0.0,0.786582948991205
24,P0A836,,,,,∞,false,true,false,false,OpenPepXL_301;OpenPepXL_137;OpenPepXL_83;OpenPepXL_188;OpenPepXL_38;OpenPepXL_14;OpenPepXL_432;OpenPepXL_386;OpenPepXL_365;OpenPepXL_342;OpenPepXL_67;OpenPepXL_302;OpenPepXL_169;OpenPepXL_39;OpenPepXL_337;OpenPepXL_15;OpenPepXL_348;OpenPepXL_389;OpenPepXL_349;OpenPepXL_433;OpenPepXL_434;OpenPepXL_421;OpenPepXL_388,Between only,0.1660377358490566,NaN,0.0,0.835452391514522
103,P42677,,,,,∞,false,true,false,false,OpenPepXL_86,Between only,0.1660377358490566,NaN,0.0,0.556715223464551
188,P68191,,,,,∞,false,true,false,false,OpenPepXL_198;OpenPepXL_356;OpenPepXL_308,Between only,0.1660377358490566,NaN,0.0,0.808054219924344
328,decoy:sp|Q9NS67|GPR27_HUMAN,decoy:,decoy:,,,∞,true,false,true,false,OpenPepXL_477,Between only,0.1660377358490566,NaN,0.0,0.498040923512808
110,decoy:sp|P37645|YHJG_ECOLI,decoy:,decoy:,,,∞,true,false,true,false,OpenPepXL_97,Between only,0.1660377358490566,NaN,0.0,0.776723310094798
257,decoy:sp|P39342|YJGR_ECOLI,decoy:,decoy:,,,∞,true,false,true,false,OpenPepXL_315,Between only,0.1660377358490566,NaN,0.0,0.814318612474579
187,P69222,,,,,∞,false,true,false,false,OpenPepXL_195,Between only,0.1626984126984127,NaN,0.0,0.754555261033064
155,Q96HH9,,,,,∞,false,true,false,false,OpenPepXL_141,Between only,0.1626984126984127,NaN,0.0,0.773332961845779
191,P0ADY3,,,,,∞,false,true,false,false,OpenPepXL_201,Between only,0.1626984126984127,NaN,0.0,0.768793699694866
69,decoy:sp|Q5VVX9|UBE2U_HUMAN,decoy:,decoy:,,,∞,true,false,true,false,OpenPepXL_56;OpenPepXL_58,Between only,0.1626984126984127,NaN,0.0,0.80759281444436
94,decoy:sp|O15389|SIGL5_HUMAN,decoy:,decoy:,,,∞,true,false,true,false,OpenPepXL_80,Between only,0.1606425702811245,NaN,0.0,0.82993038263755
2,Q8TEA8,,,,,∞,false,true,false,false,OpenPepXL_1,Between only,0.1566265060240964,NaN,0.0,0.842129644637182
150,P33341,,,,,∞,false,true,false,false,OpenPepXL_136,Between only,0.1566265060240964,NaN,0.0,0.764503147560124
133,P0A7S3,,,,,∞,false,true,false,false,OpenPepXL_125;OpenPepXL_203;OpenPepXL_113;OpenPepXL_460;OpenPepXL_330;OpenPepXL_195;OpenPepXL_390;OpenPepXL_414;OpenPepXL_415;OpenPepXL_458,Between only,0.1566265060240964,NaN,0.0,0.817542264517537
116,P0AEB2,,,,,∞,false,true,false,false,OpenPepXL_101,Between only,0.1566265060240964,NaN,0.0,0.806720122699475
21,P0A8V2,,,,,∞,false,true,false,false,OpenPepXL_363;OpenPepXL_154;OpenPepXL_216;OpenPepXL_247;OpenPepXL_362;OpenPepXL_119;OpenPepXL_257;OpenPepXL_351;OpenPepXL_391;OpenPepXL_91;OpenPepXL_439;OpenPepXL_357;OpenPepXL_283;OpenPepXL_33;OpenPepXL_157;OpenPepXL_298;OpenPepXL_12,Between only,0.1566265060240964,NaN,0.0,0.828942847079507
247,P0A6D0,,,,,∞,false,true,false,false,OpenPepXL_296;OpenPepXL_295,Between only,0.1566265060240964,NaN,0.0,0.791759976580161
234,P69908,,,,,∞,false,true,false,false,OpenPepXL_286,Between only,0.1566265060240964,NaN,0.0,0.812306646809955
20,P0A6P1,,,,,∞,false,true,false,false,OpenPepXL_12,Between only,0.1566265060240964,NaN,0.0,0.828216955256728
12,P0A707,,,,,∞,false,true,false,false,OpenPepXL_49;OpenPepXL_303;OpenPepXL_7;OpenPepXL_48;OpenPepXL_89;OpenPepXL_196;OpenPepXL_21,Between only,0.1566265060240964,NaN,0.0,0.783938014072677
138,decoy:sp|P42601|ALX_ECOLI,decoy:,decoy:,,,∞,true,false,true,false,OpenPepXL_117,Between only,0.1566265060240964,NaN,0.0,0.814197699157237
260,P06959,,,,,∞,false,true,false,false,OpenPepXL_319;OpenPepXL_322;OpenPepXL_355;OpenPepXL_354,Between only,0.1566265060240964,NaN,0.0,0.798126648175353
283,P76463,,,,,∞,false,true,false,false,OpenPepXL_435;OpenPepXL_392,Between only,0.1566265060240964,NaN,0.0,0.782540266327048
227,P0A8N3,,,,,∞,false,true,false,false,OpenPepXL_323;OpenPepXL_268,Between only,0.1566265060240964,NaN,0.0,0.783955674636445
294,P0A7W1,,,,,∞,false,true,false,false,OpenPepXL_413,Between only,0.1566265060240964,NaN,0.0,0.7357709006656
331,decoy:sp|P53816|PLAT3_HUMAN,decoy:,decoy:,,,∞,true,false,true,false,OpenPepXL_479,Between only,0.1566265060240964,NaN,0.0,0.552503016254803
183,P0A786,,,,,∞,false,true,false,false,OpenPepXL_381;OpenPepXL_190;OpenPepXL_285;OpenPepXL_278;OpenPepXL_455;OpenPepXL_280;OpenPepXL_263;OpenPepXL_284;OpenPepXL_279,Between only,0.1566265060240964,NaN,0.0,0.841138709367569
290,P09162,,,,,∞,false,true,false,false,OpenPepXL_411,Between only,0.1566265060240964,NaN,0.0,0.731663565895333
111,P0A9Q5,,,,,∞,false,true,false,false,OpenPepXL_98,Between only,0.1566265060240964,NaN,0.0,0.779471894043238
18,P0A8T7,,,,,∞,false,true,false,false,OpenPepXL_363;OpenPepXL_216;OpenPepXL_247;OpenPepXL_362;OpenPepXL_119;OpenPepXL_257;OpenPepXL_351;OpenPepXL_391;OpenPepXL_180;OpenPepXL_357;OpenPepXL_283;OpenPepXL_157;OpenPepXL_11;OpenPepXL_298;OpenPepXL_296;OpenPepXL_295;OpenPepXL_54;OpenPepXL_53;OpenPepXL_306;OpenPepXL_258;OpenPepXL_86;OpenPepXL_85,Between only,0.1566265060240964,NaN,0.0,0.86202959695774
261,P0AFG8,,,,,∞,false,true,false,false,OpenPepXL_321;OpenPepXL_355;OpenPepXL_354,Between only,0.1566265060240964,NaN,0.0,0.782337241114407
322,decoy:sp|P37024|HRPB_ECOLI,decoy:,decoy:,,,∞,true,false,true,false,OpenPepXL_474,Between only,0.1566265060240964,NaN,0.0,0.588929767306925
262,P0A991,,,,,∞,false,true,false,false,OpenPepXL_323,Between only,0.15584415584415584,NaN,0.0,0.783955674636445
287,P0A7Y8,,,,,∞,false,true,false,false,OpenPepXL_407,Between only,0.15584415584415584,NaN,0.0,0.75247973812216
278,A6NKC0,,,,,∞,false,true,false,false,OpenPepXL_370,Between only,0.15584415584415584,NaN,0.0,0.674571880138522
33,P0AFG3,,,,,∞,false,true,false,false,OpenPepXL_465;OpenPepXL_123;OpenPepXL_22;OpenPepXL_126;OpenPepXL_312;OpenPepXL_288,Between only,0.15584415584415584,NaN,0.0,0.777329316297003
202,P0AG59,,,,,∞,false,true,false,false,OpenPepXL_226;OpenPepXL_358;OpenPepXL_335,Between only,0.15584415584415584,NaN,0.0,0.793380537388183
66,P0AFF6,,,,,∞,false,true,false,false,OpenPepXL_231;OpenPepXL_170;OpenPepXL_88;OpenPepXL_178;OpenPepXL_54;OpenPepXL_53;OpenPepXL_306,Between only,0.15584415584415584,NaN,0.0,0.811884533115669
267,decoy:sp|P0A8D0|NRDR_ECOLI,decoy:,decoy:,,,∞,true,false,true,false,OpenPepXL_328,Between only,0.15584415584415584,NaN,0.0,0.790778880261557
180,decoy:sp|O43692|PI15_HUMAN,decoy:,decoy:,,,∞,true,false,true,false,OpenPepXL_187,Between only,0.15555555555555556,NaN,0.0,0.792998497870279
118,P0ABA6,,,,,∞,false,true,false,false,OpenPepXL_102,Between only,0.1511111111111111,NaN,0.0,0.822153906207251
129,P07451,,,,,∞,false,true,false,false,OpenPepXL_462;OpenPepXL_464;OpenPepXL_110,Between only,0.1511111111111111,NaN,0.0,0.795741432409443
269,P39393,,,,,∞,false,true,false,false,OpenPepXL_460;OpenPepXL_330,Between only,0.1511111111111111,NaN,0.0,0.799688370838427
90,P22256,,,,,∞,false,true,false,false,OpenPepXL_78,Between only,0.1511111111111111,NaN,0.0,0.816456998491516
47,P0ADZ4,,,,,∞,false,true,false,false,OpenPepXL_31;OpenPepXL_261;OpenPepXL_364;OpenPepXL_423;OpenPepXL_228,Between only,0.1511111111111111,NaN,0.0,0.795161198846823
282,Q8N6T3,,,,,∞,false,true,false,false,OpenPepXL_387,Between only,0.1511111111111111,NaN,0.0,0.771241986333393
65;12,P21499;P0A707,;,;,;,,∞,false,true,false,false,OpenPepXL_52,Between only,0.1511111111111111,NaN,0.0,0.728988922873468
250,P0A6M8,,,,,∞,false,true,false,false,OpenPepXL_305,Between only,0.1511111111111111,NaN,0.0,0.752004372546457
323,decoy:sp|A6NJI9|LRC72_HUMAN,decoy:,decoy:,,,∞,true,false,true,false,OpenPepXL_474,Between only,0.1511111111111111,NaN,0.0,0.588929767306925
301,P20592,,,,,∞,false,true,false,false,OpenPepXL_431;OpenPepXL_446;OpenPepXL_449;OpenPepXL_447;OpenPepXL_445;OpenPepXL_459,Between only,0.1511111111111111,NaN,0.0,0.809690435841473
277,P55145,,,,,∞,false,true,false,false,OpenPepXL_366,Between only,0.1511111111111111,NaN,0.0,0.721661878108787
181,decoy:sp|Q9NWW9|PLAT2_HUMAN,decoy:,decoy:,,,∞,true,false,true,false,OpenPepXL_188,Between only,0.1511111111111111,NaN,0.0,0.800507652703402
185,Q9UI46,,,,,∞,false,true,false,false,OpenPepXL_191,Between only,0.14883720930232558,NaN,0.0,0.766365886316769
172,P0AFA7,,,,,∞,false,true,false,false,OpenPepXL_174;OpenPepXL_173,Between only,0.14883720930232558,NaN,0.0,0.727129323120903
293,P77399,,,,,∞,false,true,false,false,OpenPepXL_412,Between only,0.14883720930232558,NaN,0.0,0.77352238980806
74,P0A6L4,,,,,∞,false,true,false,false,OpenPepXL_63,Between only,0.14883720930232558,NaN,0.0,0.759633768114489
268,decoy:sp|O00487|PSDE_HUMAN,decoy:,decoy:,,,∞,true,false,true,false,OpenPepXL_329,Between only,0.14883720930232558,NaN,0.0,0.796789872205404
41,decoy:sp|O00628|PEX7_HUMAN,decoy:,decoy:,,,∞,true,false,true,false,OpenPepXL_27,Between only,0.14691943127962084,NaN,0.0,0.806496173942636
316,decoy:sp|P0AAG8|MGLA_ECOLI,decoy:,decoy:,,,∞,true,false,true,false,OpenPepXL_471,Between only,0.14218009478672985,NaN,0.0,0.526872466524915
332,decoy:sp|P0AG14|SOHB_ECOLI,decoy:,decoy:,,,∞,true,false,true,false,OpenPepXL_479,Between only,0.13744075829383887,NaN,0.0,0.552503016254803
179,P0A817,,,,,∞,false,true,false,false,OpenPepXL_184,Between only,0.13270142180094788,NaN,0.0,0.793027318975355
284,P0ABH7,,,,,∞,false,true,false,false,OpenPepXL_395,Between only,0.13270142180094788,NaN,0.0,0.783346057374684
8,P02358,,,,,∞,false,true,false,false,OpenPepXL_289;OpenPepXL_290;OpenPepXL_437;OpenPepXL_95;OpenPepXL_454;OpenPepXL_66;OpenPepXL_311;OpenPepXL_4;OpenPepXL_211;OpenPepXL_147;OpenPepXL_168;OpenPepXL_94;OpenPepXL_275,Between only,0.13270142180094788,NaN,0.0,0.862946369102938
112,decoy:sp|Q47689|MMUP_ECOLI,decoy:,decoy:,,,∞,true,false,true,false,OpenPepXL_98,Between only,0.13270142180094788,NaN,0.0,0.779471894043238
256,P0A9Q1,,,,,∞,false,true,false,false,OpenPepXL_313,Between only,0.12980769230769232,NaN,0.0,0.755375146591852
82,P0A7V3,,,,,∞,false,true,false,false,OpenPepXL_226;OpenPepXL_197;OpenPepXL_276;OpenPepXL_241;OpenPepXL_72;OpenPepXL_177;OpenPepXL_68,Between only,0.12980769230769232,NaN,0.0,0.897759410456591
149,Q46892,,,,,∞,false,true,false,false,OpenPepXL_209;OpenPepXL_135,Between only,0.12980769230769232,NaN,0.0,0.778621468928784
266,P63389,,,,,∞,false,true,false,false,OpenPepXL_328,Between only,0.12980769230769232,NaN,0.0,0.790778880261557
122,P07118,,,,,∞,false,true,false,false,OpenPepXL_222;OpenPepXL_106;OpenPepXL_162,Between only,0.12980769230769232,NaN,0.0,0.811670367227597
305,decoy:sp|Q96L15|NAR5_HUMAN,decoy:,decoy:,,,∞,true,false,true,false,OpenPepXL_441,Between only,0.12980769230769232,NaN,0.0,0.82044445136937
325,decoy:sp|Q6BEX0|YTFR_ECOLI,decoy:,decoy:,,,∞,true,false,true,false,OpenPepXL_475,Between only,0.12807881773399016,NaN,0.0,0.518456191121569
251,P13029,,,,,∞,false,true,false,false,OpenPepXL_305,Between only,0.12315270935960591,NaN,0.0,0.752004372546457
17,P77414,,,,,∞,false,true,false,false,OpenPepXL_176;OpenPepXL_10,Between only,0.12315270935960591,NaN,0.0,0.775011417761116
36,P0A7N4,,,,,∞,false,true,false,false,OpenPepXL_24;OpenPepXL_45;OpenPepXL_166;OpenPepXL_227;OpenPepXL_333;OpenPepXL_397;OpenPepXL_406;OpenPepXL_277;OpenPepXL_259,Between only,0.12315270935960591,NaN,0.0,0.862652756695274
76;77;75,Q9H511;P05976;P10916,;;,;;,;;,,∞,false,true,false,false,OpenPepXL_63,Between only,0.12315270935960591,NaN,0.0,0.759633768114489
194;193,Q9Y597;A6NEV1,;,;,;,,∞,false,true,false,false,OpenPepXL_292;OpenPepXL_206,Between only,0.12315270935960591,NaN,0.0,0.80913393898755
114,decoy:sp|P31663|PANC_ECOLI,decoy:,decoy:,,,∞,true,false,true,false,OpenPepXL_99,Between only,0.12315270935960591,NaN,0.0,0.786582948991205
58,P0C018,,,,,∞,false,true,false,false,OpenPepXL_451;OpenPepXL_338;OpenPepXL_440;OpenPepXL_40,Between only,0.12121212121212122,NaN,0.0,0.810992373934014
55,P06721,,,,,∞,false,true,false,false,OpenPepXL_37,Between only,0.12121212121212122,NaN,0.0,0.778821975884354
83,decoy:sp|P09546|PUTA_ECOLI,decoy:,decoy:,,,∞,true,false,true,false,OpenPepXL_69,Between only,0.12121212121212122,NaN,0.0,0.824380487803087
327,Q96K76,,,,,∞,false,true,false,false,OpenPepXL_477,Between only,0.11734693877551021,NaN,0.0,0.498040923512808
42,P15034,,,,,∞,false,true,false,false,OpenPepXL_28,Between only,0.11734693877551021,NaN,0.0,0.808857316703371
220,Q9UNS2,,,,,∞,false,true,false,false,OpenPepXL_264,Between only,0.11734693877551021,NaN,0.0,0.776794159643322
78,P04805,,,,,∞,false,true,false,false,OpenPepXL_64,Between only,0.11734693877551021,NaN,0.0,0.801206458705409
236,P0A6Y8,,,,,∞,false,true,false,false,OpenPepXL_286,Between only,0.11734693877551021,NaN,0.0,0.812306646809955
263,P0AE78,,,,,∞,false,true,false,false,OpenPepXL_326,Between only,0.11734693877551021,NaN,0.0,0.803773180316416
22,decoy:sp|P55083|MFAP4_HUMAN,decoy:,decoy:,,,∞,true,false,true,false,OpenPepXL_13,Between only,0.11734693877551021,NaN,0.0,0.793384486932231
307,Q9UN30,,,,,∞,false,true,false,false,OpenPepXL_443,Between only,0.11578947368421053,NaN,0.0,0.780723272194427
298,Q01449,,,,,∞,false,true,false,false,OpenPepXL_448;OpenPepXL_420,Between only,0.11578947368421053,NaN,0.0,0.808447452500042
9,P0A7G2,,,,,∞,false,true,false,false,OpenPepXL_151;OpenPepXL_5,Between only,0.11578947368421053,NaN,0.0,0.812816882252198
154,Q46819,,,,,∞,false,true,false,false,OpenPepXL_248;OpenPepXL_139;OpenPepXL_253,Between only,0.11578947368421053,NaN,0.0,0.788968840699224
44,P0A6X7,,,,,∞,false,true,false,false,OpenPepXL_269;OpenPepXL_452;OpenPepXL_375;OpenPepXL_261;OpenPepXL_236;OpenPepXL_237;OpenPepXL_336;OpenPepXL_482;OpenPepXL_30;OpenPepXL_239;OpenPepXL_221;OpenPepXL_240;OpenPepXL_304;OpenPepXL_314,Between only,0.11578947368421053,NaN,0.0,0.82324262783011
132,O95081,,,,,∞,false,true,false,false,OpenPepXL_112,Between only,0.11578947368421053,NaN,0.0,0.781096436955149
107,P0ACF4,,,,,∞,false,true,false,false,OpenPepXL_113;OpenPepXL_186;OpenPepXL_454;OpenPepXL_347;OpenPepXL_276;OpenPepXL_241;OpenPepXL_353;OpenPepXL_130;OpenPepXL_128;OpenPepXL_93,Between only,0.11578947368421053,NaN,0.0,0.897759410456591
86,P0A7V0,,,,,∞,false,true,false,false,OpenPepXL_385;OpenPepXL_294;OpenPepXL_210;OpenPepXL_347;OpenPepXL_140;OpenPepXL_401;OpenPepXL_72;OpenPepXL_262;OpenPepXL_92;OpenPepXL_115;OpenPepXL_430,Between only,0.11578947368421053,NaN,0.0,0.859444046969111
308,P0A7L3,,,,,∞,false,true,false,false,OpenPepXL_443,Between only,0.11578947368421053,NaN,0.0,0.780723272194427
159,P64581,,,,,∞,false,true,false,false,OpenPepXL_145;OpenPepXL_146;OpenPepXL_163;OpenPepXL_324,Between only,0.11578947368421053,NaN,0.0,0.807852953180974
265,decoy:sp|Q5JY77|GASP1_HUMAN,decoy:,decoy:,,,∞,true,false,true,false,OpenPepXL_327,Between only,0.11578947368421053,NaN,0.0,0.794778144826474
168,Q8TDB6,,,,,∞,false,true,false,false,OpenPepXL_165,Between only,0.11578947368421053,NaN,0.0,0.801734517828293
240,P0A6Z3,,,,,∞,false,true,false,false,OpenPepXL_293;OpenPepXL_360;OpenPepXL_359,Between only,0.11578947368421053,NaN,0.0,0.789323263410287
214,P15639,,,,,∞,false,true,false,false,OpenPepXL_249,Between only,0.11578947368421053,NaN,0.0,0.806694951985433
67,P68066,,,,,∞,false,true,false,false,OpenPepXL_60;OpenPepXL_374;OpenPepXL_59;OpenPepXL_55,Between only,0.11578947368421053,NaN,0.0,0.829012409683187
160,P0ABC3,,,,,∞,false,true,false,false,OpenPepXL_148,Between only,0.11578947368421053,NaN,0.0,0.815436024661002
125,P47972,,,,,∞,false,true,false,false,OpenPepXL_108,Between only,0.11578947368421053,NaN,0.0,0.819993596732358
276,Q3KQV9,,,,,∞,false,true,false,false,OpenPepXL_360,Between only,0.11578947368421053,NaN,0.0,0.782769242464471
27,Q00888,,,,,∞,false,true,false,false,OpenPepXL_17,Between only,0.11578947368421053,NaN,0.0,0.824957577438282
40,decoy:sp|P76147|DGCF_ECOLI,decoy:,decoy:,,,∞,true,false,true,false,OpenPepXL_26,Between only,0.11578947368421053,NaN,0.0,0.807895665656375
288;289,P36999;Q8WXU2,;,;,;,,∞,false,true,false,false,OpenPepXL_407,Between only,0.11578947368421053,NaN,0.0,0.75247973812216
62,P0A7X3,,,,,∞,false,true,false,false,OpenPepXL_47,Between only,0.11578947368421053,NaN,0.0,0.752231362158808
117,P0ABB0,,,,,∞,false,true,false,false,OpenPepXL_102,Between only,0.11578947368421053,NaN,0.0,0.822153906207251
219,P0A8M6,,,,,∞,false,true,false,false,OpenPepXL_335;OpenPepXL_264;OpenPepXL_458,Between only,0.11578947368421053,NaN,0.0,0.794543053941436
16,Q69YU5,,,,,∞,false,true,false,false,OpenPepXL_9,Between only,0.11578947368421053,NaN,0.0,0.724499327915749
95,P0A8M3,,,,,∞,false,true,false,false,OpenPepXL_101;OpenPepXL_81;OpenPepXL_316,Between only,0.11578947368421053,NaN,0.0,0.806720122699475
167,P21513,,,,,∞,false,true,false,false,OpenPepXL_164,Between only,0.11578947368421053,NaN,0.0,0.783657416826822
224;225;223,P45552;P16432;P0A7U7,;;,;;,;;,,∞,false,true,false,false,OpenPepXL_266;OpenPepXL_398,Between only,0.11578947368421053,NaN,0.0,0.782285302422403
216,Q8NDV2,,,,,∞,false,true,false,false,OpenPepXL_252,Between only,0.11578947368421053,NaN,0.0,0.806278352083056
313,decoy:sp|Q96S42|NODAL_HUMAN,decoy:,decoy:,,,∞,true,false,true,false,OpenPepXL_468,Between only,0.11578947368421053,NaN,0.0,0.5626984610563
92,P0A9A9,,,,,∞,false,true,false,false,OpenPepXL_79,Between only,0.11578947368421053,NaN,0.0,0.732431971342965
158,P0AEH5,,,,,∞,false,true,false,false,OpenPepXL_145;OpenPepXL_146;OpenPepXL_324,Between only,0.11578947368421053,NaN,0.0,0.788375145986214
34,P0A7N9,,,,,∞,false,true,false,false,OpenPepXL_23,Between only,0.11578947368421053,NaN,0.0,0.762706228132026
173,Q02246,,,,,∞,false,true,false,false,OpenPepXL_272;OpenPepXL_175;OpenPepXL_405,Between only,0.11578947368421053,NaN,0.0,0.792465697702988
189,P62875,,,,,∞,false,true,false,false,OpenPepXL_198;OpenPepXL_356,Between only,0.11578947368421053,NaN,0.0,0.808054219924344
292,P0ADZ7,,,,,∞,false,true,false,false,OpenPepXL_412,Between only,0.11578947368421053,NaN,0.0,0.77352238980806
315,decoy:sp|A8MTZ0|BBIP1_HUMAN,decoy:,decoy:,,,∞,true,false,true,false,OpenPepXL_469,Between only,0.11578947368421053,NaN,0.0,0.495474417383077
211,Q47156,,,,,∞,false,true,false,false,OpenPepXL_244,Between only,0.11464968152866242,NaN,0.0,0.797995874198635
212,Q47157,,,,,∞,false,true,false,false,OpenPepXL_244,Between only,0.11464968152866242,NaN,0.0,0.797995874198635
304,decoy:sp|P0AD30|YFCA_ECOLI,decoy:,decoy:,,,∞,true,false,true,false,OpenPepXL_438,Between only,0.11464968152866242,NaN,0.0,0.70148963211971
317,decoy:sp|Q9UM21|MGT4A_HUMAN,decoy:,decoy:,,,∞,true,false,true,false,OpenPepXL_471,Between only,0.10967741935483871,NaN,0.0,0.526872466524915
102,P37326,,,,,∞,false,true,false,false,OpenPepXL_85,Between only,0.1032258064516129,NaN,0.0,0.638022120401274
64,P08839,,,,,∞,false,true,false,false,OpenPepXL_52,Between only,0.1032258064516129,NaN,0.0,0.728988922873468
330,P0A6G5,,,,,∞,false,true,false,false,OpenPepXL_478,Between only,0.1032258064516129,NaN,0.0,0.563618960644136
71,decoy:sp|O43731|ERD23_HUMAN,decoy:,decoy:,,,∞,true,false,true,false,OpenPepXL_57,Between only,0.1032258064516129,NaN,0.0,0.790687965216982
144,P0ADY7,,,,,∞,false,true,false,false,OpenPepXL_419;OpenPepXL_436;OpenPepXL_129;OpenPepXL_399;OpenPepXL_309;OpenPepXL_361;OpenPepXL_422;OpenPepXL_199;OpenPepXL_394,Between only,0.09868421052631579,NaN,0.0,0.805648871699878
99,P75792,,,,,∞,false,true,false,false,OpenPepXL_83,Between only,0.09868421052631579,NaN,0.0,0.8272705923512
210,P42909,,,,,∞,false,true,false,false,OpenPepXL_242,Between only,0.09868421052631579,NaN,0.0,0.807869331112523
203,P06612,,,,,∞,false,true,false,false,OpenPepXL_230,Between only,0.09868421052631579,NaN,0.0,0.782193329214271
235,P50539,,,,,∞,false,true,false,false,OpenPepXL_282,Between only,0.09868421052631579,NaN,0.0,0.787761833773858
314,P0ABC7,,,,,∞,false,true,false,false,OpenPepXL_469,Between only,0.09868421052631579,NaN,0.0,0.495474417383077
156,P09832,,,,,∞,false,true,false,false,OpenPepXL_142,Between only,0.09868421052631579,NaN,0.0,0.788816439105045
79,P0A7Z4,,,,,∞,false,true,false,false,OpenPepXL_65;OpenPepXL_154;OpenPepXL_231;OpenPepXL_170;OpenPepXL_111;OpenPepXL_88;OpenPepXL_178;OpenPepXL_248;OpenPepXL_159;OpenPepXL_225;OpenPepXL_91;OpenPepXL_439;OpenPepXL_136;OpenPepXL_139;OpenPepXL_253,Between only,0.09868421052631579,NaN,0.0,0.837205188753873
239,P51790,,,,,∞,false,true,false,false,OpenPepXL_291,Between only,0.09868421052631579,NaN,0.0,0.782434559385087
228,decoy:sp|Q9H106|SIRPD_HUMAN,decoy:,decoy:,,,∞,true,false,true,false,OpenPepXL_268,Between only,0.09868421052631579,NaN,0.0,0.775885319289881
230,P05719,,,,,∞,false,true,false,false,OpenPepXL_274,Between only,0.0979020979020979,NaN,0.0,0.792691681071941
162,P0AB14,,,,,∞,false,true,false,false,OpenPepXL_429;OpenPepXL_273;OpenPepXL_150;OpenPepXL_402,Between only,0.0979020979020979,NaN,0.0,0.825084796845235
25,decoy:sp|P50053|KHK_HUMAN,decoy:,decoy:,,,∞,true,false,true,false,OpenPepXL_15,Between only,0.0979020979020979,NaN,0.0,0.808739330613592
213,E7ERA6,,,,,∞,false,true,false,false,OpenPepXL_245,Between only,0.09219858156028368,NaN,0.0,0.803719982100813
207,P0ABU9,,,,,∞,false,true,false,false,OpenPepXL_235,Between only,0.09219858156028368,NaN,0.0,0.729516753243527
320,decoy:sp|P41036|NANT_ECOLI,decoy:,decoy:,,,∞,true,false,true,false,OpenPepXL_473,Between only,0.09219858156028368,NaN,0.0,0.524630623547985
50,P09831,,,,,∞,false,true,false,false,OpenPepXL_34;OpenPepXL_395;OpenPepXL_33,Between only,0.08633093525179857,NaN,0.0,0.797891024420719
272,P0A7K6,,,,,∞,false,true,false,false,OpenPepXL_350,Between only,0.08633093525179857,NaN,0.0,0.741047310532883
88,P37443,,,,,∞,false,true,false,false,OpenPepXL_76,Between only,0.08633093525179857,NaN,0.0,0.807599327621729
57,P0A7L8,,,,,∞,false,true,false,false,OpenPepXL_410;OpenPepXL_409;OpenPepXL_451;OpenPepXL_338;OpenPepXL_440;OpenPepXL_40,Between only,0.08633093525179857,NaN,0.0,0.810992373934014
199,P25549,,,,,∞,false,true,false,false,OpenPepXL_219,Between only,0.08633093525179857,NaN,0.0,0.797437117041422
318,decoy:sp|P42702|LIFR_HUMAN,decoy:,decoy:,,,∞,true,false,true,false,OpenPepXL_472,Between only,0.08633093525179857,NaN,0.0,0.563905605642764
201,P0DPC4,,,,,∞,false,true,false,false,OpenPepXL_222,Between only,0.08208955223880597,NaN,0.0,0.801558095884282
124;123,P49450;P25116,;,;,;,,∞,false,true,false,false,OpenPepXL_107,Between only,0.08208955223880597,NaN,0.0,0.811111272778055
174,P0ABP8,,,,,∞,false,true,false,false,OpenPepXL_175;OpenPepXL_405;OpenPepXL_220,Between only,0.08208955223880597,NaN,0.0,0.751209939288923
53,P69811,,,,,∞,false,true,false,false,OpenPepXL_36,Between only,0.08208955223880597,NaN,0.0,0.7919480424196
310,P29745,,,,,∞,false,true,false,false,OpenPepXL_457;OpenPepXL_450,Between only,0.08208955223880597,NaN,0.0,0.809369946040008
329,Q9HAY6,,,,,∞,false,true,false,false,OpenPepXL_478,Between only,0.08208955223880597,NaN,0.0,0.563618960644136
10;11,P68679;P0AEJ6,;,;,;,,∞,false,true,false,false,OpenPepXL_470;OpenPepXL_5,Between only,0.08208955223880597,NaN,0.0,0.79498729555979
258,decoy:sp|P37648|YHJJ_ECOLI,decoy:,decoy:,,,∞,true,false,true,false,OpenPepXL_316,Between only,0.08208955223880597,NaN,0.0,0.786111041854776
96,P24192,,,,,∞,false,true,false,false,OpenPepXL_81,Between only,0.07874015748031496,NaN,0.0,0.799973674796051
105,P07813,,,,,∞,false,true,false,false,OpenPepXL_481;OpenPepXL_87,Between only,0.07874015748031496,NaN,0.0,0.674619154269917
238,Q13451,,,,,∞,false,true,false,false,OpenPepXL_287,Between only,0.07874015748031496,NaN,0.0,0.795300282484688
309,P67910,,,,,∞,false,true,false,false,OpenPepXL_444,Between only,0.07874015748031496,NaN,0.0,0.784006844280389
109,P0A9K3,,,,,∞,false,true,false,false,OpenPepXL_97,Between only,0.07874015748031496,NaN,0.0,0.776723310094798
136,P02359,,,,,∞,false,true,false,false,OpenPepXL_255;OpenPepXL_444;OpenPepXL_116;OpenPepXL_200;OpenPepXL_340;OpenPepXL_320;OpenPepXL_300;OpenPepXL_470,Between only,0.07874015748031496,NaN,0.0,0.853333330658563
248,P27302,,,,,∞,false,true,false,false,OpenPepXL_297,Between only,0.07874015748031496,NaN,0.0,0.79311636378762
324,Q14254,,,,,∞,false,true,false,false,OpenPepXL_475,Between only,0.07874015748031496,NaN,0.0,0.518456191121569
229,Q30KQ9,,,,,∞,false,true,false,false,OpenPepXL_271,Between only,0.07874015748031496,NaN,0.0,0.810829329750925
164,Q8N8R3,,,,,∞,false,true,false,false,OpenPepXL_162,Between only,0.07874015748031496,NaN,0.0,0.811670367227597
91,decoy:sp|Q5SWH9|TMM69_HUMAN,decoy:,decoy:,,,∞,true,false,true,false,OpenPepXL_78,Between only,0.07874015748031496,NaN,0.0,0.816456998491516
56,P0AGE9,,,,,∞,false,true,false,false,OpenPepXL_432;OpenPepXL_386;OpenPepXL_365;OpenPepXL_301;OpenPepXL_387;OpenPepXL_38;OpenPepXL_302;OpenPepXL_39;OpenPepXL_337;OpenPepXL_348;OpenPepXL_389;OpenPepXL_349;OpenPepXL_433;OpenPepXL_434;OpenPepXL_421;OpenPepXL_388,Between only,0.07692307692307693,NaN,0.0,0.835452391514522
231,P08957,,,,,∞,false,true,false,false,OpenPepXL_274,Between only,0.07692307692307693,NaN,0.0,0.792691681071941
19,P0A800,,,,,∞,false,true,false,false,OpenPepXL_11;OpenPepXL_159;OpenPepXL_225,Between only,0.07692307692307693,NaN,0.0,0.86202959695774
163,Q9HCJ2,,,,,∞,false,true,false,false,OpenPepXL_161;OpenPepXL_160,Between only,0.07692307692307693,NaN,0.0,0.837451728738396
31,P0A7S9,,,,,∞,false,true,false,false,OpenPepXL_89;OpenPepXL_202;OpenPepXL_171;OpenPepXL_193;OpenPepXL_352;OpenPepXL_196;OpenPepXL_191;OpenPepXL_21,Between only,0.07692307692307693,NaN,0.0,0.806427325649343
254,Q7L211,,,,,∞,false,true,false,false,OpenPepXL_312,Between only,0.07692307692307693,NaN,0.0,0.772493300233134
198,Q9UHL3,,,,,∞,false,true,false,false,OpenPepXL_217;OpenPepXL_427,Between only,0.07692307692307693,NaN,0.0,0.785168821719279
200,P30870,,,,,∞,false,true,false,false,OpenPepXL_220,Between only,0.07692307692307693,NaN,0.0,0.734758021005667
321,Q8IYD9,,,,,∞,false,true,false,false,OpenPepXL_473,Between only,0.07692307692307693,NaN,0.0,0.524630623547985
131,P60240,,,,,∞,false,true,false,false,OpenPepXL_111,Between only,0.07692307692307693,NaN,0.0,0.78772993971203
98,Q7Z2X4,,,,,∞,false,true,false,false,OpenPepXL_82,Between only,0.07692307692307693,NaN,0.0,0.789650619971488
249,P33570,,,,,∞,false,true,false,false,OpenPepXL_297,Between only,0.07692307692307693,NaN,0.0,0.79311636378762
186,Q8N5M9,,,,,∞,false,true,false,false,OpenPepXL_194,Between only,0.07692307692307693,NaN,0.0,0.777010739080188
52,P0AE08,,,,,∞,false,true,false,false,OpenPepXL_165;OpenPepXL_36;OpenPepXL_141,Between only,0.07692307692307693,NaN,0.0,0.801734517828293
101,decoy:sp|A6NF83|NUPR2_HUMAN,decoy:,decoy:,,,∞,true,false,true,false,OpenPepXL_254;OpenPepXL_84,Between only,0.07692307692307693,NaN,0.0,0.858912730986698
253,P0A7T3,,,,,∞,false,true,false,false,OpenPepXL_308,Between only,0.07692307692307693,NaN,0.0,0.782136057063694
296,P00579,,,,,∞,false,true,false,false,OpenPepXL_453;OpenPepXL_417,Between only,0.07692307692307693,NaN,0.0,0.802580551224295
28,P0A853,,,,,∞,false,true,false,false,OpenPepXL_400;OpenPepXL_172;OpenPepXL_112;OpenPepXL_27;OpenPepXL_242;OpenPepXL_429;OpenPepXL_273;OpenPepXL_150;OpenPepXL_402;OpenPepXL_17;OpenPepXL_217;OpenPepXL_427;OpenPepXL_383;OpenPepXL_118;OpenPepXL_426;OpenPepXL_271;OpenPepXL_404;OpenPepXL_148;OpenPepXL_219;OpenPepXL_18;OpenPepXL_96;OpenPepXL_41;OpenPepXL_25;OpenPepXL_384;OpenPepXL_117;OpenPepXL_205;OpenPepXL_428;OpenPepXL_149;OpenPepXL_382;OpenPepXL_403;OpenPepXL_380;OpenPepXL_80;OpenPepXL_245;OpenPepXL_272;OpenPepXL_20;OpenPepXL_174;OpenPepXL_173,Between only,0.07692307692307693,NaN,0.0,0.835924161282881
87,P24238,,,,,∞,false,true,false,false,OpenPepXL_74,Between only,0.07692307692307693,NaN,0.0,0.775551133370146
4,P60422,,,,,∞,false,true,false,false,OpenPepXL_71;OpenPepXL_2;OpenPepXL_73;OpenPepXL_185;OpenPepXL_299;OpenPepXL_214;OpenPepXL_152;OpenPepXL_215;OpenPepXL_223;OpenPepXL_260;OpenPepXL_408;OpenPepXL_441,Between only,0.07692307692307693,NaN,0.0,0.869509189836049
222,Q46897,,,,,∞,false,true,false,false,OpenPepXL_265,Between only,0.07692307692307693,NaN,0.0,0.782469469534116
49,P0A7K2,,,,,∞,false,true,false,false,OpenPepXL_251;OpenPepXL_463;OpenPepXL_331;OpenPepXL_252;OpenPepXL_124;OpenPepXL_32;OpenPepXL_90;OpenPepXL_179;OpenPepXL_121;OpenPepXL_185;OpenPepXL_131;OpenPepXL_133;OpenPepXL_208;OpenPepXL_134;OpenPepXL_56;OpenPepXL_58;OpenPepXL_143;OpenPepXL_183;OpenPepXL_246;OpenPepXL_100;OpenPepXL_120;OpenPepXL_224;OpenPepXL_325;OpenPepXL_155;OpenPepXL_153;OpenPepXL_229;OpenPepXL_204;OpenPepXL_104;OpenPepXL_167;OpenPepXL_270;OpenPepXL_250;OpenPepXL_393,Between only,0.07692307692307693,NaN,0.0,0.85259542003968
271,P62399,,,,,∞,false,true,false,false,OpenPepXL_450;OpenPepXL_336,Between only,0.07692307692307693,NaN,0.0,0.81611830358177
135,P35638,,,,,∞,false,true,false,false,OpenPepXL_115,Between only,0.07692307692307693,NaN,0.0,0.774928218383814
147,P0A6F5,,,,,∞,false,true,false,false,OpenPepXL_132;OpenPepXL_184,Between only,0.07692307692307693,NaN,0.0,0.793027318975355
68,P09373,,,,,∞,false,true,false,false,OpenPepXL_60;OpenPepXL_374;OpenPepXL_59;OpenPepXL_334;OpenPepXL_292;OpenPepXL_206;OpenPepXL_55;OpenPepXL_457;OpenPepXL_181,Between only,0.07692307692307693,NaN,0.0,0.829012409683187
1,P00961,,,,,∞,false,true,false,false,OpenPepXL_70;OpenPepXL_16;OpenPepXL_317;OpenPepXL_0;OpenPepXL_44;OpenPepXL_29;OpenPepXL_1;OpenPepXL_108;OpenPepXL_161;OpenPepXL_160,Between only,0.07692307692307693,NaN,0.0,0.865458444847168
152;153,P77206;P52132,;,;,;,,∞,false,true,false,false,OpenPepXL_138,Between only,0.07692307692307693,NaN,0.0,0.769378831640953
121,Q5VW38,,,,,∞,false,true,false,false,OpenPepXL_106,Between only,0.07692307692307693,NaN,0.0,0.79710986111085
73,Q6P587,,,,,∞,false,true,false,false,OpenPepXL_75;OpenPepXL_62,Between only,0.07692307692307693,NaN,0.0,0.778178305831474
70,P0A6Z1,,,,,∞,false,true,false,false,OpenPepXL_307;OpenPepXL_57;OpenPepXL_318,Between only,0.07692307692307693,NaN,0.0,0.856145877855694
157,Q14155,,,,,∞,false,true,false,false,OpenPepXL_142,Between only,0.07692307692307693,NaN,0.0,0.788816439105045
209,Q9BZW5,,,,,∞,false,true,false,false,OpenPepXL_373;OpenPepXL_238;OpenPepXL_480;OpenPepXL_371,Between only,0.07692307692307693,NaN,0.0,0.765295022669646
184,P0A7F3,,,,,∞,false,true,false,false,OpenPepXL_381;OpenPepXL_190;OpenPepXL_285;OpenPepXL_278;OpenPepXL_455;OpenPepXL_280;OpenPepXL_263;OpenPepXL_284;OpenPepXL_279,Between only,0.07692307692307693,NaN,0.0,0.841138709367569
32,P0AFG6,,,,,∞,false,true,false,false,OpenPepXL_465;OpenPepXL_123;OpenPepXL_22;OpenPepXL_339;OpenPepXL_144;OpenPepXL_126;OpenPepXL_75;OpenPepXL_62,Between only,0.07692307692307693,NaN,0.0,0.820462723098765
270,Q02218,,,,,∞,false,true,false,false,OpenPepXL_334,Between only,0.07692307692307693,NaN,0.0,0.755416409154731
134,P0ACF0,,,,,∞,false,true,false,false,OpenPepXL_202;OpenPepXL_192;OpenPepXL_114;OpenPepXL_390;OpenPepXL_364;OpenPepXL_423;OpenPepXL_267;OpenPepXL_186;OpenPepXL_152;OpenPepXL_215;OpenPepXL_223;OpenPepXL_122;OpenPepXL_453;OpenPepXL_260;OpenPepXL_456;OpenPepXL_408;OpenPepXL_128,Between only,0.07692307692307693,NaN,0.0,0.854981979039936
197,P0A7W7,,,,,∞,false,true,false,false,OpenPepXL_210;OpenPepXL_262,Between only,0.07692307692307693,NaN,0.0,0.797789720309697
218,P30128,,,,,∞,false,true,false,false,OpenPepXL_258,Between only,0.07692307692307693,NaN,0.0,0.791726833126467
10,P68679,,,,,∞,false,true,false,false,OpenPepXL_158;OpenPepXL_105;OpenPepXL_418,Between only,0.07692307692307693,NaN,0.0,0.823774172943839
37,P61175,,,,,∞,false,true,false,false,OpenPepXL_24;OpenPepXL_45;OpenPepXL_397;OpenPepXL_406;OpenPepXL_277;OpenPepXL_259,Between only,0.07692307692307693,NaN,0.0,0.862652756695274
192,P37016,,,,,∞,false,true,false,false,OpenPepXL_205,Between only,0.07692307692307693,NaN,0.0,0.798528542382465
273,P17443,,,,,∞,false,true,false,false,OpenPepXL_350,Between only,0.07692307692307693,NaN,0.0,0.741047310532883
6,Q9NYP7,,,,,∞,false,true,false,false,OpenPepXL_213;OpenPepXL_461;OpenPepXL_3;OpenPepXL_6;OpenPepXL_310,Between only,0.07692307692307693,NaN,0.0,0.795699301392749
234;232,P69908;P69910,;,;,;,,∞,false,true,false,false,OpenPepXL_281,Between only,0.07692307692307693,NaN,0.0,0.784356085183986
84,P0C0V0,,,,,∞,false,true,false,false,OpenPepXL_315;OpenPepXL_187;OpenPepXL_69,Between only,0.07692307692307693,NaN,0.0,0.824380487803087
221,P0AG16,,,,,∞,false,true,false,false,OpenPepXL_265,Between only,0.07692307692307693,NaN,0.0,0.782469469534116
206,Q9UBL0,,,,,∞,false,true,false,false,OpenPepXL_232,Between only,0.07692307692307693,NaN,0.0,0.724711228740258
46,P08048,,,,,∞,false,true,false,false,OpenPepXL_31,Between only,0.07692307692307693,NaN,0.0,0.768423056527261
312,decoy:sp|P26616|MAO1_ECOLI,decoy:,decoy:,,,∞,true,false,true,false,OpenPepXL_468,Between only,0.07692307692307693,NaN,0.0,0.5626984610563
208,P0A6F9,,,,,∞,false,true,false,false,OpenPepXL_373;OpenPepXL_238;OpenPepXL_480;OpenPepXL_371,Between only,0.07692307692307693,NaN,0.0,0.765295022669646
100,P23538,,,,,∞,false,true,false,false,OpenPepXL_254;OpenPepXL_84,Between only,0.07692307692307693,NaN,0.0,0.858912730986698
166,P0A8J8,,,,,∞,false,true,false,false,OpenPepXL_164,Between only,0.07692307692307693,NaN,0.0,0.783657416826822
148,Q3C1V8,,,,,∞,false,true,false,false,OpenPepXL_132,Between only,0.07692307692307693,NaN,0.0,0.752894930848705
35,P0A7L0,,,,,∞,false,true,false,false,OpenPepXL_456;OpenPepXL_194;OpenPepXL_416;OpenPepXL_435;OpenPepXL_392;OpenPepXL_23,Between only,0.07692307692307693,NaN,0.0,0.797294180266274
14,P0A7M2,,,,,∞,false,true,false,false,OpenPepXL_467;OpenPepXL_369;OpenPepXL_368;OpenPepXL_35;OpenPepXL_8;OpenPepXL_234;OpenPepXL_19;OpenPepXL_345;OpenPepXL_343;OpenPepXL_346;OpenPepXL_218;OpenPepXL_332;OpenPepXL_367;OpenPepXL_344;OpenPepXL_233;OpenPepXL_379;OpenPepXL_378;OpenPepXL_424;OpenPepXL_243,Between only,0.07692307692307693,NaN,0.0,0.795861364520859
274,A6NEQ2,,,,,∞,false,true,false,false,OpenPepXL_358,Between only,0.07692307692307693,NaN,0.0,0.738069397974581
137,P76053,,,,,∞,false,true,false,false,OpenPepXL_116;OpenPepXL_200;OpenPepXL_140,Between only,0.07692307692307693,NaN,0.0,0.806426487441436
13,P0A7U3,,,,,∞,false,true,false,false,OpenPepXL_49;OpenPepXL_303;OpenPepXL_7;OpenPepXL_48;OpenPepXL_51;OpenPepXL_193;OpenPepXL_375;OpenPepXL_352;OpenPepXL_192;OpenPepXL_114;OpenPepXL_353;OpenPepXL_212;OpenPepXL_93,Between only,0.07692307692307693,NaN,0.0,0.829866327121843
63,P0A7R9,,,,,∞,false,true,false,false,OpenPepXL_341;OpenPepXL_255;OpenPepXL_396;OpenPepXL_50,Between only,0.07692307692307693,NaN,0.0,0.853333330658563
81,P07001,,,,,∞,false,true,false,false,OpenPepXL_342;OpenPepXL_67,Between only,0.07692307692307693,NaN,0.0,0.790854644423202
215,P23883,,,,,∞,false,true,false,false,OpenPepXL_249,Between only,0.07692307692307693,NaN,0.0,0.806694951985433
259,decoy:sp|Q6DD88|ATLA3_HUMAN,decoy:,decoy:,,,∞,true,false,true,false,OpenPepXL_318,Between only,0.07692307692307693,NaN,0.0,0.856145877855694
326,P75777,,,,,∞,false,true,false,false,OpenPepXL_476,Between only,0.07692307692307693,NaN,0.0,0.538481875513507
151,A1YPR0,,,,,∞,false,true,false,false,OpenPepXL_137,Between only,0.07692307692307693,NaN,0.0,0.766514081273067
59,P0A7R5,,,,,∞,false,true,false,false,OpenPepXL_65;OpenPepXL_43;OpenPepXL_442;OpenPepXL_42,Between only,0.07692307692307693,NaN,0.0,0.793831719617686
3,P0A7R1,,,,,∞,false,true,false,false,OpenPepXL_71;OpenPepXL_2;OpenPepXL_73;OpenPepXL_366;OpenPepXL_467;OpenPepXL_369;OpenPepXL_368;OpenPepXL_35;OpenPepXL_8;OpenPepXL_234;OpenPepXL_19;OpenPepXL_345;OpenPepXL_343;OpenPepXL_346;OpenPepXL_218;OpenPepXL_332;OpenPepXL_367;OpenPepXL_344;OpenPepXL_233;OpenPepXL_299;OpenPepXL_214;OpenPepXL_466;OpenPepXL_379;OpenPepXL_378;OpenPepXL_424;OpenPepXL_243;OpenPepXL_235,Between only,0.07692307692307693,NaN,0.0,0.869509189836049
161,P63284,,,,,∞,false,true,false,false,OpenPepXL_384;OpenPepXL_428;OpenPepXL_149,Between only,0.07692307692307693,NaN,0.0,0.823753654295258
204,Q6ZSB9,,,,,∞,false,true,false,false,OpenPepXL_230,Between only,0.07692307692307693,NaN,0.0,0.782193329214271
177,P37051,,,,,∞,false,true,false,false,OpenPepXL_182,Between only,0.07692307692307693,NaN,0.0,0.798623378943234
80,P45759,,,,,∞,false,true,false,false,OpenPepXL_66,Between only,0.07692307692307693,NaN,0.0,0.740685061187729
30,P0A7B3,,,,,∞,false,true,false,false,OpenPepXL_20,Between only,0.07692307692307693,NaN,0.0,0.818170530826815
295,P0AEU7,,,,,∞,false,true,false,false,OpenPepXL_416,Between only,0.07692307692307693,NaN,0.0,0.731289446792519
171,P16703,,,,,∞,false,true,false,false,OpenPepXL_172,Between only,0.07692307692307693,NaN,0.0,0.775258903878228
196,P0C7L2,,,,,∞,false,true,false,false,OpenPepXL_207,Between only,0.07692307692307693,NaN,0.0,0.751256787712378
106,Q6AI08,,,,,∞,false,true,false,false,OpenPepXL_92,Between only,0.07692307692307693,NaN,0.0,0.808120344262272
143;142,P62316;P0A940,;,;,;,,∞,false,true,false,false,OpenPepXL_127,Between only,0.07692307692307693,NaN,0.0,0.749627243539343
243;242;241;246;245;244,P0CF58;P0CF57;P0CF56;P0CF55;P0CF54;P0CF53,;;;;;,;;;;;,;;;;;,,∞,false,true,false,false,OpenPepXL_293,Between only,0.07692307692307693,NaN,0.0,0.789323263410287
139,decoy:sp|P0ABC3|HFLC_ECOLI,decoy:,decoy:,,,∞,true,false,true,false,OpenPepXL_118,Between only,0.07692307692307693,NaN,0.0,0.816002734922238
130,P0AGJ9,,,,,∞,false,true,false,false,OpenPepXL_462;OpenPepXL_464;OpenPepXL_110,Between only,0.07692307692307693,NaN,0.0,0.795741432409443
5,P0A7V8,,,,,∞,false,true,false,false,OpenPepXL_213;OpenPepXL_448;OpenPepXL_420;OpenPepXL_461;OpenPepXL_3;OpenPepXL_6;OpenPepXL_310,Between only,0.07692307692307693,NaN,0.0,0.808447452500042
302;300;303,P11458;P0A6G7;Q32MQ0,;;,;;,;;,,∞,false,true,false,false,OpenPepXL_438;OpenPepXL_431;OpenPepXL_446;OpenPepXL_449;OpenPepXL_447;OpenPepXL_445;OpenPepXL_459,Between only,0.07692307692307693,NaN,0.0,0.809690435841473
297,P43307,,,,,∞,false,true,false,false,OpenPepXL_417,Between only,0.07692307692307693,NaN,0.0,0.730838239683524
141,P04079,,,,,∞,false,true,false,false,OpenPepXL_425;OpenPepXL_127;OpenPepXL_291;OpenPepXL_377,Between only,0.07692307692307693,NaN,0.0,0.782434559385087
85,decoy:sp|P64612|ZAPE_ECOLI,decoy:,decoy:,,,∞,true,false,true,false,OpenPepXL_70,Between only,0.07692307692307693,NaN,0.0,0.821331220067094
126,P21179,,,,,∞,false,true,false,false,OpenPepXL_189;OpenPepXL_372;OpenPepXL_109;OpenPepXL_256,Between only,0.07692307692307693,NaN,0.0,0.818328905442324
217,Q5VWZ2,,,,,∞,false,true,false,false,OpenPepXL_256,Between only,0.07692307692307693,NaN,0.0,0.818328905442324
119,P0AES4,,,,,∞,false,true,false,false,OpenPepXL_156;OpenPepXL_103,Between only,0.07692307692307693,NaN,0.0,0.854732223246751
279,Q969F0,,,,,∞,false,true,false,false,OpenPepXL_376,Between only,0.07692307692307693,NaN,0.0,0.737972544431565
237,P75876,,,,,∞,false,true,false,false,OpenPepXL_287,Between only,0.07692307692307693,NaN,0.0,0.795300282484688
195,P0A9T0,,,,,∞,false,true,false,false,OpenPepXL_207,Between only,0.07692307692307693,NaN,0.0,0.751256787712378
61,Q8NGG8,,,,,∞,false,true,false,false,OpenPepXL_46,Between only,0.07692307692307693,NaN,0.0,0.78067356529332
51,Q7Z4R8,,,,,∞,false,true,false,false,OpenPepXL_34,Between only,0.07692307692307693,NaN,0.0,0.743436770621309
23,decoy:sp|P75783|YBIO_ECOLI,decoy:,decoy:,,,∞,true,false,true,false,OpenPepXL_14,Between only,0.07692307692307693,NaN,0.0,0.813587533770258
175,P0A8E5,,,,,∞,false,true,false,false,OpenPepXL_180,Between only,0.07692307692307693,NaN,0.0,0.767943697380738
286,P0CG19,,,,,∞,false,true,false,false,OpenPepXL_404,Between only,0.07692307692307693,NaN,0.0,0.824139375292872
120,P0AES6,,,,,∞,false,true,false,false,OpenPepXL_156;OpenPepXL_103,Between only,0.07692307692307693,NaN,0.0,0.854732223246751
311,Q9HB14,,,,,∞,false,true,false,false,OpenPepXL_466,Between only,0.07692307692307693,NaN,0.0,0.602343485022705
176,Q8NHV4,,,,,∞,false,true,false,false,OpenPepXL_181,Between only,0.07692307692307693,NaN,0.0,0.765831943608026
104,P11349,,,,,∞,false,true,false,false,OpenPepXL_481;OpenPepXL_87,Between only,0.07692307692307693,NaN,0.0,0.674619154269917
72,P0ABN9,,,,,∞,false,true,false,false,OpenPepXL_61,Between only,0.07692307692307693,NaN,0.0,0.802527248932254
54,P0A705,,,,,∞,false,true,false,false,OpenPepXL_125;OpenPepXL_43;OpenPepXL_171;OpenPepXL_37;OpenPepXL_42;OpenPepXL_68;OpenPepXL_51;OpenPepXL_203;OpenPepXL_282;OpenPepXL_177;OpenPepXL_329;OpenPepXL_212;OpenPepXL_327,Between only,0.07692307692307693,NaN,0.0,0.809073170953272
205,P69931,,,,,∞,false,true,false,false,OpenPepXL_232,Between only,0.07692307692307693,NaN,0.0,0.724711228740258
39,P00968,,,,,∞,false,true,false,false,OpenPepXL_26,Between only,0.07692307692307693,NaN,0.0,0.807895665656375
275,Q8N8Q1,,,,,∞,false,true,false,false,OpenPepXL_359,Between only,0.07692307692307693,NaN,0.0,0.762943889275855
285,Q46851,,,,,∞,false,true,false,false,OpenPepXL_400,Between only,0.07692307692307693,NaN,0.0,0.805271455020939
26,P45472,,,,,∞,false,true,false,false,OpenPepXL_16,Between only,0.07692307692307693,NaN,0.0,0.823968999404568
38,P0A9G6,,,,,∞,false,true,false,false,OpenPepXL_382;OpenPepXL_403;OpenPepXL_380;OpenPepXL_41;OpenPepXL_25;OpenPepXL_376,Between only,0.07692307692307693,NaN,0.0,0.808859452515832
281,Q7L266,,,,,∞,false,true,false,false,OpenPepXL_383;OpenPepXL_426,Between only,0.07692307692307693,NaN,0.0,0.797887089258557
89,P52061,,,,,∞,false,true,false,false,OpenPepXL_77,Between only,0.07692307692307693,NaN,0.0,0.768375175536264
146,P13518,,,,,∞,false,true,false,false,OpenPepXL_130,Between only,0.07692307692307693,NaN,0.0,0.745111140334434
306,P0A9F3,,,,,∞,false,true,false,false,OpenPepXL_442,Between only,0.07692307692307693,NaN,0.0,0.7902140044731
165,P0ADQ7,,,,,∞,false,true,false,false,OpenPepXL_163,Between only,0.07692307692307693,NaN,0.0,0.807852953180974
127;128,P24181;Q8IWT0,;,;,;,,∞,false,true,false,false,OpenPepXL_372;OpenPepXL_109,Between only,0.07692307692307693,NaN,0.0,0.780175738668256
190,P25519,,,,,∞,false,true,false,false,OpenPepXL_201,Between only,0.07692307692307693,NaN,0.0,0.768793699694866
0,decoy:sp|P61714|RISB_ECOLI,decoy:,decoy:,,,∞,true,false,true,false,OpenPepXL_317;OpenPepXL_0;OpenPepXL_44;OpenPepXL_29,Between only,0.07692307692307693,NaN,0.0,0.865458444847168
7,P0A7T7,,,,,∞,false,true,false,false,OpenPepXL_107;OpenPepXL_437;OpenPepXL_95;OpenPepXL_151;OpenPepXL_158;OpenPepXL_105;OpenPepXL_311;OpenPepXL_4;OpenPepXL_211;OpenPepXL_147;OpenPepXL_168;OpenPepXL_94;OpenPepXL_275,Between only,0.07692307692307693,NaN,0.0,0.862946369102938
299,Q9P1C3,,,,,∞,false,true,false,false,OpenPepXL_425,Between only,0.07692307692307693,NaN,0.0,0.740472563751775
170,Q96K19,,,,,∞,false,true,false,false,OpenPepXL_169,Between only,0.07692307692307693,NaN,0.0,0.787006800331382
115,P0AG55,,,,,∞,false,true,false,false,OpenPepXL_131;OpenPepXL_133;OpenPepXL_208;OpenPepXL_134;OpenPepXL_209;OpenPepXL_135;OpenPepXL_183;OpenPepXL_246;OpenPepXL_100;OpenPepXL_120;OpenPepXL_224;OpenPepXL_325;OpenPepXL_155;OpenPepXL_153;OpenPepXL_229;OpenPepXL_204;OpenPepXL_104;OpenPepXL_167;OpenPepXL_270;OpenPepXL_250;OpenPepXL_124;OpenPepXL_393,Between only,0.07692307692307693,NaN,0.0,0.85259542003968
97,P33136,,,,,∞,false,true,false,false,OpenPepXL_82,Between only,0.07692307692307693,NaN,0.0,0.789650619971488
182,decoy:sp|O60216|RAD21_HUMAN,decoy:,decoy:,,,∞,true,false,true,false,OpenPepXL_189,Between only,0.07692307692307693,NaN,0.0,0.786987521993617
226,P0AF36,,,,,∞,false,true,false,false,OpenPepXL_267,Between only,0.07692307692307693,NaN,0.0,0.800393812860387
15,P0AG67,,,,,∞,false,true,false,false,OpenPepXL_341;OpenPepXL_9;OpenPepXL_385;OpenPepXL_294;OpenPepXL_176;OpenPepXL_10;OpenPepXL_396;OpenPepXL_340;OpenPepXL_320;OpenPepXL_401;OpenPepXL_476;OpenPepXL_13;OpenPepXL_370;OpenPepXL_289;OpenPepXL_290;OpenPepXL_47;OpenPepXL_50;OpenPepXL_300;OpenPepXL_418;OpenPepXL_430,Between only,0.07692307692307693,NaN,0.0,0.837670584037911
264,decoy:sp|P65556|YFCD_ECOLI,decoy:,decoy:,,,∞,true,false,true,false,OpenPepXL_326,Between only,0.07692307692307693,NaN,0.0,0.803773180316416
145,P68919,,,,,∞,false,true,false,false,OpenPepXL_419;OpenPepXL_436;OpenPepXL_129;OpenPepXL_399;OpenPepXL_309;OpenPepXL_361;OpenPepXL_422;OpenPepXL_199;OpenPepXL_394,Between only,0.0,NaN,0.0,0.805648871699878
