ProteinGroupPairID,LinkIDs,PeptidePairIDs,PSMIDs,Protein1,Name1,Descriptions1,isDecoy1,Protein2,Name2,Description2,isDecoy2,Crosslinker,Score,isDecoy,isTT,isTD,isDD,count PSMs,count peptide pairs,count links,fdrGroup,fdr,ifdr,PEP,,top link fdr,top peptide fdr,top psm_fdr
708,383,270;259;231;257,Kojak_3599;Kojak_2478;Kojak_3684;Kojak_809;Kojak_2495;Kojak_486;Kojak_485;Kojak_3717;Kojak_2527,P0AG44,,,false,P0A7N4,,,false,,1334.646,false,true,false,false,9,4,1,Between,0,0,0,,0,0,0
49,86;502;760;563;541;140;152;201;600;168;341;486;714;620;797;665,909;364;431;3509;241;222;308;1288;777;1714;1002;1497;2486;571;577;337;377;1633,Kojak_1162;Kojak_2182;Kojak_3016;Kojak_3065;Kojak_4054;Kojak_4034;Kojak_3928;Kojak_3959;Kojak_3449;Kojak_3513;Kojak_3538;Kojak_3481;Kojak_1685;Kojak_2401;Kojak_3069;Kojak_3072;Kojak_3068;Kojak_3641;Kojak_3874;Kojak_1145;Kojak_2991;Kojak_1999;Kojak_3988;Kojak_2455;Kojak_4026;Kojak_2586;Kojak_2616;Kojak_1362;Kojak_1314;Kojak_397;Kojak_1652;Kojak_3348,P0AGE9,,,false,P0A836,,,false,,1210.638,false,true,false,false,32,18,16,Between,0,0,0,,0,0,0
141,199;294;806,743;2219;1318;279,Kojak_3710;Kojak_2812;Kojak_473;Kojak_3107;Kojak_1782;Kojak_2998,P0ADZ4,,,false,P0A6X7,,,false,,1197.765,false,true,false,false,6,4,3,Between,0,0,0,,0,0,0
233,796;306;470,1004;929;983;2354,Kojak_1023;Kojak_1088;Kojak_1949;Kojak_1996;Kojak_1946;Kojak_1992,P0A6X7,,,false,P62399,,,false,,1094.737,false,true,false,false,6,4,3,Between,0,0,0,,0,0,0
23,374;791;812;55,389;1834;411;603,Kojak_251;Kojak_263;Kojak_3378;Kojak_3343;Kojak_1069;Kojak_272,P0A8T7,,,false,P0A7Z4,,,false,,1068.243,false,true,false,false,6,4,4,Between,0,0,0,,0,0,0
714,16;6;18;28,17;156;1;4,Kojak_1537;Kojak_1597;Kojak_883;Kojak_957;Kojak_1458;Kojak_1185;Kojak_3967,P0AC33,,,false,P0AC33;P14407,;,;,false,,989.499,false,true,false,false,7,4,4,Self,0,0,0,,0,0,0
706,820,833,Kojak_1499;Kojak_668,P0A8F0,,,false,P0A853,,,false,,964.373,false,true,false,false,2,1,1,Between,0,0,0,,0,0,0
129,819;187,230;818,Kojak_10;Kojak_560;Kojak_1313;Kojak_846,P0A6Y8,,,false,P09372,,,false,,947.233,false,true,false,false,4,2,2,Between,0,0,0,,0,0,0
52,224;90;742;295;324;428;44;754,2172;1841;937;2977;1588;2073;3013;2103;375;422,Kojak_2733;Kojak_267;Kojak_280;Kojak_1956;Kojak_287;Kojak_1948;Kojak_1994;Kojak_1169;Kojak_2381;Kojak_3335;Kojak_635;Kojak_1189;Kojak_1657,P0A7K2,,,false,P0A7J3,,,false,,942.716,false,true,false,false,13,10,8,Between,0,0,0,,0,0,0
417,766;511,604;2018;2822,Kojak_695;Kojak_365;Kojak_3102;Kojak_2792,P02359,,,false,P68679,,,false,,941.778,false,true,false,false,4,3,2,Between,0,0,0,,0,0,0
5,817;34;131;105;692,837;313;1208;451;3862,Kojak_4015;Kojak_3975;Kojak_3092;Kojak_1124;Kojak_3876;Kojak_2646,P02359,,,false,P0A7S9,,,false,,929.752,false,true,false,false,6,5,5,Between,0,0,0,,0,0,0
173,241;488;591;496;818,1963;1125;2112;2016;3884,Kojak_1910;Kojak_2922;Kojak_1430;Kojak_1429;Kojak_934;Kojak_910;Kojak_2897,P0A705,,,false,P0A7V3,,,false,,928.101,false,true,false,false,7,5,5,Between,0,0,0,,0,0,0
10,658;816;39,3348;791;286,Kojak_673;Kojak_406;Kojak_405;Kojak_453,P0ACD4,,,false,P0A6Z1,,,false,,922.28,false,true,false,false,4,3,3,Between,0,0,0,,0,0,0
699,813,1982,Kojak_697,P0A7R1,,,false,P0AG59,,,false,,887.5,false,true,false,false,1,1,1,Between,0,0,0,,0,0,0
27,526;727;504;279;548;622;573;361;77;546;619;438;484;513;774;641;144;107;414;290;125;226;76;748;509;167;216;338;523;172;62;160;59;225,3169;325;820;779;962;815;813;2585;311;946;2964;2529;3080;2307;415;3852;3747;1550;885;1065;2612;1091;925;508;1010;534;633;977;1945;1493;1153;1978;251;1513;657;620;636;772,Kojak_3142;Kojak_49;Kojak_1364;Kojak_3099;Kojak_2179;Kojak_2178;Kojak_627;Kojak_608;Kojak_48;Kojak_2442;Kojak_2717;Kojak_614;Kojak_613;Kojak_201;Kojak_107;Kojak_106;Kojak_299;Kojak_3898;Kojak_145;Kojak_37;Kojak_1000;Kojak_1853;Kojak_3031;Kojak_3109;Kojak_2247;Kojak_2248;Kojak_3860;Kojak_1454;Kojak_1453;Kojak_3935;Kojak_3654;Kojak_3945;Kojak_853;Kojak_8;Kojak_764;Kojak_4011;Kojak_3315;Kojak_3332;Kojak_3331;Kojak_3213;Kojak_4000;Kojak_1056;Kojak_2674;Kojak_2435;Kojak_2396;Kojak_1110;Kojak_1249;Kojak_4041;Kojak_1589;Kojak_547;Kojak_1779;Kojak_2578;Kojak_2579,P0A8V2,,,false,P0A8T7,,,false,,859.155,false,true,false,false,53,38,34,Between,0,0,0,,0,0,0
7,617;36;97;592;808;43,1587;343;1215;991;2454;1016;442,Kojak_880;Kojak_935;Kojak_250;Kojak_376;Kojak_1611;Kojak_2908;Kojak_2934;Kojak_162;Kojak_103;Kojak_543,P09831,,,false,P09832,,,false,,854.048,false,true,false,false,10,7,6,Between,0,0,0,,0,0,0
56,788;132;539;291;786;95;580;579;136;278;271;362;640;441,953;1210;3465;2009;418;985;878;294;963;381;831;2608;3745;2940,Kojak_3948;Kojak_3947;Kojak_3271;Kojak_2428;Kojak_402;Kojak_2072;Kojak_2073;Kojak_2602;Kojak_1706;Kojak_1127;Kojak_2311;Kojak_3207;Kojak_2310;Kojak_1848;Kojak_1869;Kojak_1849;Kojak_2572;Kojak_4010;Kojak_1298;Kojak_1347;Kojak_1014;Kojak_667;Kojak_403,P0AFG6,,,false,P0A9P0,,,false,,833.987,false,true,false,false,23,14,14,Between,0,0,0,,0,0,0
694,807,4046,Kojak_1191,P0A7S9,,,false,P0A7K2,,,false,,833.8,false,true,false,false,1,1,1,Between,0,0,0,,0,0,0
4,127;33;323;763;661,487;303;1352;503;2436;3404,Kojak_1482;Kojak_1728;Kojak_2449;Kojak_1478;Kojak_1418;Kojak_1329;Kojak_1377;Kojak_2098;Kojak_3727,P0A7V0,,,false,P0AG67,,,false,,808.839,false,true,false,false,9,6,5,Between,0,0,0,,0,0,0
693,805,278,Kojak_1734;Kojak_2472,ENTRAP_sp|Q68D42|TM215_HUMAN,,,false,P0A858,,,false,,780.4,false,true,false,false,2,1,1,Between,0,0,0,,0,0,0
692,804,2237,Kojak_1416,P63020,,,false,P36683,,,false,,748.2,false,true,false,false,1,1,1,Between,0,0,0,,0,0,0
8,597;54;94;37;389;803;162,2774;597;541;1792;685;356;2622;1828;1213,Kojak_1008;Kojak_671;Kojak_2864;Kojak_1344;Kojak_2881;Kojak_2395;Kojak_2655;Kojak_734;Kojak_2464;Kojak_196,P68066,,,false,P09373,,,false,,738.169,false,true,false,false,10,9,7,Between,0,0,0,,0,0,0
549,157;777,600;1060;996;1660,Kojak_564;Kojak_356;Kojak_3901;Kojak_386;Kojak_1982;Kojak_857;Kojak_1383,P68679,,,false,P0A7T7,,,false,,728.055,false,true,false,false,7,4,2,Between,0,0,0,,0,0,0
104,154;506;410;315;801,1411;841;2048;276;384,Kojak_1299;Kojak_1286;Kojak_1285;Kojak_831;Kojak_1968;Kojak_1969;Kojak_1028;Kojak_1027,P02359,,,false,P0A707,,,false,,711.836,false,true,false,false,8,5,5,Between,0,0,0,,0,0,0
192,221;456;230,458;582;387;3146;1268;908,Kojak_3038;Kojak_2986;Kojak_3039;Kojak_2985;Kojak_3036;Kojak_265;Kojak_2978;Kojak_3198;Kojak_546,P0ACF4,,,false,P0A7V3,,,false,,696.858,false,true,false,false,9,6,3,Between,0,0,0,,0,0,0
61,798;186;104,1384;1137;1048,Kojak_2241;Kojak_2240;Kojak_3149;Kojak_579,P0A6X7,,,false,P60422,,,false,,680.4,false,true,false,false,4,3,3,Between,0,0,0,,0,0,0
64,109;121;651;725;532,1078;1130;3770;1673;350;3197,Kojak_1154;Kojak_2639;Kojak_2648;Kojak_3355;Kojak_1833;Kojak_1822;Kojak_3314,P0A7J7,,,false,P0A7K2,,,false,,649.242,false,true,false,false,7,6,5,Between,0,0,0,,0,0,0
170,508;556;697;722;237;790,1625;1235;2008;1583;1921;3358,Kojak_3950;Kojak_1684;Kojak_1932;Kojak_2398;Kojak_3742;Kojak_3677;Kojak_3503;Kojak_3678;Kojak_3608;Kojak_1780,P0A7M9,,,false,P62399,,,false,,636.589,false,true,false,false,10,6,6,Between,0,0,0,,0,0,0
682,795,4030,Kojak_2277,P02359,,,false,P0A9F3,,,false,,632.1,false,true,false,false,1,1,1,Between,0,0,0,,0,0,0
681,793,686,Kojak_2063;Kojak_2100,P09373,,,false,P0A858,,,false,,620.801,false,true,false,false,2,1,1,Between,0,0,0,,0,0,0
168,632;789;560;234;695;406,3727;435;289;854;235;2854,Kojak_3147;Kojak_3849;Kojak_3807;Kojak_3852;Kojak_2577;Kojak_3810;Kojak_3855;Kojak_3618;Kojak_3687;Kojak_2483;Kojak_2482;Kojak_2580,P06959,,,false,P0A9P0,,,false,,601.851,false,true,false,false,12,6,6,Between,0,0,0,,0,0,0
6,74;787;450;35,3661;780;3965;1859;324,Kojak_3802;Kojak_3803;Kojak_3842;Kojak_3800;Kojak_1604;Kojak_1542,P0ACF0,,,false,P0A7V3,,,false,,589.263,false,true,false,false,6,5,4,Between,0,0,0,,0,0,0
347,557;736;782;432;439,3557;1590;1985;3050;3082,Kojak_3972;Kojak_2201;Kojak_2156;Kojak_2157;Kojak_3197;Kojak_2337;Kojak_3900;Kojak_3260,P0A7U3,,,false,P0ACF4,,,false,,559.58,false,true,false,false,8,5,5,Between,0,0,0,,0,0,0
673,785,2067,Kojak_1797;Kojak_1704,ENTRAP_sp|Q01094|E2F1_HUMAN,,,false,P37177,,,false,,554.308,false,true,false,false,2,1,1,Between,0,0,0,,0,0,0
171,239;733;259;780,1956;1987;2039;3312,Kojak_723;Kojak_2190;Kojak_2146;Kojak_278;Kojak_2979,P0A6Y1,,,false,P0A7V3,,,false,,546.802,false,true,false,false,5,4,4,Between,0,0,0,,0,0,0
264,417;577;339;755;769;696;685;705;118;351,403;391;2309;1120;591;2537;2299;413;1584;455;2541,Kojak_3655;Kojak_1291;Kojak_1290;Kojak_1368;Kojak_1953;Kojak_1952;Kojak_1998;Kojak_3145;Kojak_3896;Kojak_3094;Kojak_2582;Kojak_2644;Kojak_2643;Kojak_276;Kojak_3276;Kojak_3498;Kojak_1679;Kojak_1680;Kojak_1222,P0A6Y1,,,false,P0A6X7,,,false,,533.553,false,true,false,false,19,11,10,Between,0,0,0,,0,0,0
77,124;530;534;674;783;365,1163;752;907;3818;247;592,Kojak_3773;Kojak_254;Kojak_2251;Kojak_3117;Kojak_3653;Kojak_239;Kojak_212;Kojak_1596;Kojak_1103,P0A7R1,,,false,P0AG30,,,false,,524.987,false,true,false,false,9,6,6,Between,0,0,0,,0,0,0
97,146;781,1285;2218,Kojak_2144;Kojak_344,P0ACF4,,,false,P0A6Y1,,,false,,510.5,false,true,false,false,2,2,2,Between,0,0,0,,0,0,0
179,779;248;422;552,2471;1992;934;3528,Kojak_3922;Kojak_2652;Kojak_3921;Kojak_2649;Kojak_3211;Kojak_3212;Kojak_1835,P02359,,,false,P0A7U3,,,false,,500.048,false,true,false,false,7,4,4,Between,0,0,0,,0,0,0
58,307;771;101;743;664,2282;334;315;2389;255,Kojak_2638;Kojak_2719;Kojak_1894;Kojak_3870;Kojak_1825;Kojak_2641;Kojak_3832;Kojak_2631;Kojak_1789;Kojak_1790,P0A707,,,false,P0A7S9,,,false,,498.053,false,true,false,false,10,5,5,Between,0,0,0,,0,0,0
439,599;501;647;533,228;814;317;3333;225;408,Kojak_3294;Kojak_1862;Kojak_3909;Kojak_2714;Kojak_2663;Kojak_1898;Kojak_154;Kojak_164;Kojak_2126;Kojak_1437;Kojak_1469;Kojak_2047;Kojak_96,P0A786,,,false,P0A7F3,,,false,,496.935,false,true,false,false,13,6,4,Between,0,0,0,,0,0,0
666,776,4006,Kojak_245,P0A6Y1,,,false,P0AG48,,,false,,487.7,false,true,false,false,1,1,1,Between,0,0,0,,0,0,0
135,461;218;775;193,3164;1808;2542;1669,Kojak_2683;Kojak_2682;Kojak_3353;Kojak_3833,P0ACF0,,,false,P0A7U3,,,false,,487.02,false,true,false,false,4,4,4,Between,0,0,0,,0,0,0
110,305;757;477;538;598;177;356;405;396;566;176;525;161;764,1844;454;682;349;249;1534;406;2850;2090;261;299;1555;862;838;1457;309,Kojak_3504;Kojak_1353;Kojak_1397;Kojak_2086;Kojak_605;Kojak_375;Kojak_1692;Kojak_2497;Kojak_2095;Kojak_2059;Kojak_140;Kojak_379;Kojak_1116;Kojak_134;Kojak_3861;Kojak_2618;Kojak_3821;Kojak_1261;Kojak_1218;Kojak_1326;Kojak_116;Kojak_83;Kojak_3086;Kojak_2836;Kojak_3625;Kojak_2901,P0AG67,,,false,P02359,,,false,,452.439,false,true,false,false,26,16,14,Between,0,0,0,,0,0,0
231,773;304;608,2959;1727;1661,Kojak_1658;Kojak_1817;Kojak_2200,P0AG67,,,false,P68679,,,false,,449.056,false,true,false,false,3,3,3,Between,0,0,0,,0,0,0
239,227;772;169,2248;1875;3998;229;1913;1717;776,Kojak_548;Kojak_2300;Kojak_961;Kojak_2303;Kojak_3265;Kojak_2302;Kojak_4043;Kojak_551;Kojak_2339;Kojak_2304,P0A7S3,,,false,P0ACF4,,,false,,436.326,false,true,false,false,10,7,3,Between,0,0,0,,0,0,0
371,458;770,2159;3995,Kojak_2259;Kojak_2258;Kojak_3254,P02358,,,false,P0ACF0,,,false,,428.822,false,true,false,false,3,2,2,Between,0,0,0,,0,0,0
138,207;325;433;730;431;196,254;1760;731;3781;287;1271;3046;1682,Kojak_1624;Kojak_3362;Kojak_3318;Kojak_3363;Kojak_996;Kojak_2634;Kojak_1049;Kojak_1108;Kojak_626;Kojak_3257;Kojak_3313;Kojak_2701;Kojak_887,P0ACF0,,,false,P0ACF4,,,false,,424.308,false,true,false,false,13,8,6,Between,0,0,0,,0,0,0
0,29;588;768,227;3299;1415,Kojak_2242;Kojak_1031;Kojak_2730;Kojak_2731,P0ACF8,,,false,P0A8F0,,,false,,410.944,false,true,false,false,4,3,3,Between,0,0,0,,0,0,0
66,111;183;299;762;366;153,1089;1863;1755;1578;2246;405;2358;425;449,Kojak_2739;Kojak_669;Kojak_670;Kojak_3129;Kojak_3847;Kojak_3888;Kojak_0;Kojak_3495;Kojak_3033;Kojak_3034;Kojak_342,P0AEH5,,,false,P64581,,,false,,399.155,false,true,false,false,11,9,6,Between,0,0,0,,0,0,0
267,373;322;342;516,1575;298;2388;2490;2179,Kojak_774;Kojak_1774;Kojak_1775;Kojak_1705;Kojak_2431;Kojak_3140;Kojak_3144;Kojak_3146,P0A705,,,false,P0A707,,,false,,373.526,false,true,false,false,8,5,4,Between,0,0,0,,0,0,0
166,726;434;559;720;252;594;738;542;701;232;677;261,392;365;328;1180;727;1876;486;297;1546;1891;252;1393,Kojak_657;Kojak_360;Kojak_296;Kojak_1559;Kojak_1509;Kojak_1168;Kojak_1180;Kojak_660;Kojak_663;Kojak_1197;Kojak_331;Kojak_713;Kojak_540;Kojak_394;Kojak_711;Kojak_583;Kojak_598;Kojak_664;Kojak_1216;Kojak_1258,P0AG55,,,false,P0A7K2,,,false,,344.823,false,true,false,false,20,12,12,Between,0,0,0,,0,0,0
710,2;24;4;26;23,16;56;118;201;34,Kojak_149;Kojak_456;Kojak_157;Kojak_475;Kojak_42;Kojak_2102,P69908;P69910,;,;,false,P69910,,,false,,339.502,false,true,false,false,6,5,5,Self,0,0,0,,0,0,0
652,761,238,Kojak_559,P02359,,,false,P0A6X7,,,false,,306.5,false,true,false,false,1,1,1,Between,0,0,0,,0,0,0
181,643;250;758,1738;933;1762,Kojak_3306;Kojak_3118;Kojak_2363;Kojak_2327;Kojak_1633;Kojak_3387;Kojak_3232;Kojak_3386,P0AG30,,,false,P60422,,,false,,299.832,false,true,false,false,8,3,3,Between,0,0,0,,0,0,0
722,21;14;1,54;153;169;15,Kojak_1017;Kojak_1137;Kojak_2684;Kojak_1204,P06959,,,false,P06968;P06959,;,;,false,,299.127,false,true,false,false,4,4,3,Self,0,0,0,,0,0,0
68,360;273;445;700;135;629;358;203;205;113;676;645;749,583;1064;307;1894;1242;3716;368;1192;479;1103;3820;1367;3897,Kojak_2207;Kojak_3053;Kojak_3002;Kojak_3817;Kojak_3858;Kojak_2976;Kojak_3027;Kojak_2468;Kojak_1545;Kojak_2066;Kojak_3135;Kojak_3134;Kojak_2741;Kojak_2740;Kojak_2742;Kojak_959;Kojak_2728;Kojak_2729;Kojak_3844;Kojak_2438,P0AFG3,,,false,P0AFG6,,,false,,292.077,false,true,false,false,20,13,13,Between,0,0,0,,0,0,0
261,336;756,2239;902,Kojak_991;Kojak_1097,P0AEU7,,,false,P62399,,,false,,291.703,false,true,false,false,2,2,2,Between,0,0,0,,0,0,0
406,497;753;571,398;2618;844,Kojak_1321;Kojak_1320;Kojak_2211;Kojak_2168;Kojak_704;Kojak_2759,P0A7Z4,,,false,P0A8V2,,,false,,284.892,false,true,false,false,6,3,3,Between,0,0,0,,0,0,0
645,328,258;316;2041;2422,Kojak_2031;Kojak_1727;Kojak_2324;Kojak_2629;Kojak_3510;Kojak_2751;Kojak_3964,P02358,,,false,P0A7T7,,,false,,284.824,false,true,false,false,7,4,1,Between,0,0,0,,0,0,0
65,343;110;158;223;721;693;385;649;397;209;734;635,285;1081;1436;266;1488;1708;2516;1975;1566;1008;1356;3442,Kojak_2785;Kojak_3405;Kojak_2021;Kojak_1262;Kojak_1406;Kojak_1332;Kojak_1378;Kojak_1331;Kojak_905;Kojak_909;Kojak_908;Kojak_2476;Kojak_3643;Kojak_1420;Kojak_915;Kojak_1243,P29745,,,false,P09373,,,false,,278.25,false,true,false,false,16,12,12,Between,0,0,0,,0,0,0
46,596;191;83,354;3969;1666;891,Kojak_1367;Kojak_2053;Kojak_3982;Kojak_1113;Kojak_257,P0ACF0,,,false,P0AG59,,,false,,274.767,false,true,false,false,5,4,3,Between,0,0,0,,0,0,0
211,750;495;283,829;236;2150,Kojak_2321;Kojak_2353;Kojak_1868;Kojak_1867;Kojak_240,P0A9G6,,,false,P0A853,,,false,,269.362,false,true,false,false,5,3,3,Between,0,0,0,,0,0,0
213,747;634;285,1000;538;1144,Kojak_75;Kojak_1699;Kojak_889;Kojak_2287;Kojak_2286,P60422,,,false,P0A7R1,,,false,,265.506,false,true,false,false,5,3,3,Between,0,0,0,,0,0,0
638,746,1593,Kojak_2350;Kojak_2385,P21499,,,false,P62399,,,false,,250.899,false,true,false,false,2,1,1,Between,0,0,0,,0,0,0
637,745,412,Kojak_3917,P0A6B7,,,false,P0A7B5,,,false,,250.3,false,true,false,false,1,1,1,Between,0,0,0,,0,0,0
634,741,3955,Kojak_3854,decoy:sp|P76298|FLHA_ECOLI,decoy:,decoy:,true,decoy:sp|P33570|TKT2_ECOLI,decoy:,decoy:,true,,239.1,true,false,false,true,1,1,1,Between,0,0,0,,0,0,0
55,93;545;740,599;2012;763,Kojak_3934;Kojak_3910;Kojak_3846;Kojak_3845;Kojak_2143;Kojak_2188,P0A6X7,,,false,P0A7U3,,,false,,231.437,false,true,false,false,6,3,3,Between,0,0,0,,0,0,0
711,3;25;13,36;5;6,Kojak_1223;Kojak_1269;Kojak_1225;Kojak_2645;Kojak_2589,P0A8N3,,,false,P0A8N5;P0A8N3,;,;,false,,228.032,false,true,false,false,5,3,3,Self,0,0,0,,0,0,0
16,737;47;468;277,756;504;2868;1917,Kojak_3156;Kojak_3154;Kojak_3155;Kojak_1176;Kojak_248;Kojak_247;Kojak_3927,P0A817,,,false,P0A6F5,,,false,,220.654,false,true,false,false,7,4,4,Between,0,0,0,,0,0,0
47,460;671;499;84;465;731;517;426;457,3159;323;3165;320;1836;232;2367;3002;771,Kojak_119;Kojak_3605;Kojak_3604;Kojak_3606;Kojak_1342;Kojak_1267;Kojak_1354;Kojak_588;Kojak_2083;Kojak_2082;Kojak_820;Kojak_859;Kojak_457,P0A7G2,,,false,P02359,,,false,,208.708,false,true,false,false,13,9,9,Between,0,0,0,,0,0,0
628,735,3945,Kojak_3324,P76550,,,false,P0ADZ4,,,false,,208.4,false,true,false,false,1,1,1,Between,0,0,0,,0,0,0
457,164;370,273;1477;3519;432,Kojak_3848;Kojak_3883;Kojak_1945;Kojak_2780;Kojak_341;Kojak_404,P0A7S3,,,false,P0A6Y1,,,false,,203.556,false,true,false,false,6,4,2,Between,0,0,0,,0,0,0
354,679;729;440,433;3088;2438,Kojak_2393;Kojak_2501;Kojak_2603;Kojak_1390;Kojak_1389,P0A705,,,false,P0A7V0,,,false,,196.777,false,true,false,false,5,3,3,Between,0,0,0,,0,0,0
618,724,3744,Kojak_261,P0A9R7,,,false,P0A6F5,,,false,,171.9,false,true,false,false,1,1,1,Between,0,0,0.007,,0,0,0
617,723,3907,Kojak_3259,P0A7U3,,,false,P62399,,,false,,169.3,false,true,false,false,1,1,1,Between,0,0,0.007,,0,0,0
575,425;680,1909;1958;1250,Kojak_2828;Kojak_784;Kojak_2006;Kojak_1958,P0A6Y1,,,false,P0ADZ4,,,false,,161.984,false,true,false,false,4,3,2,Between,0,0,0.007,,0,0,0
108,159;719;254,649;3725;1663,Kojak_3873;Kojak_2813;Kojak_2653,P0ACF0,,,false,P0A7V0,,,false,,161.301,false,true,false,false,3,3,3,Between,0,0,0.007,,0,0,0
205,662;276;717,1935;1181;1860,Kojak_3012;Kojak_3872;Kojak_3951;Kojak_3952;Kojak_3991;Kojak_3954;Kojak_3955,P0A7V0,,,false,P0ACF4,,,false,,154.521,false,true,false,false,7,3,3,Between,0,0,0.007,,0,0,0
34,66;638;184;716;317,705;3740;1132;3900;573,Kojak_693;Kojak_1001;Kojak_1238;Kojak_1058;Kojak_1002;Kojak_1059,P05055,,,false,P21645,,,false,,145.913,false,true,false,false,6,5,5,Between,0,0,0.008,,0,0,0
146,88;206;715,2819;923;1740;2123,Kojak_182;Kojak_204;Kojak_2265;Kojak_179;Kojak_1248,P0A6X7,,,false,P0ACF4,,,false,,139.25,false,true,false,false,5,4,3,Between,0,0,0.008,,0,0,0
607,713,1800,Kojak_343,P0AF36,,,false,P0ACF4,,,false,,126.7,false,true,false,false,1,1,1,Between,0,0,0.008,,0,0,0
606,712,1221,Kojak_3153;Kojak_3152,P0A7N9,,,false,P0A7L8,,,false,,126,false,true,false,false,2,1,1,Between,0,0,0.008,,0,0,0
605,584,321;1731,Kojak_3398;Kojak_3815;Kojak_1251;Kojak_1252,P0AFD6,,,false,P0AFD1,,,false,,120.478,false,true,false,false,4,2,1,Between,0,0,0.008,,0,0,0
604,710,3903,Kojak_1099,P0A7V8,,,false,P62399,,,false,,117.5,false,true,false,false,1,1,1,Between,0,0,0.008,,0,0,0
603,709,931,Kojak_1852;Kojak_1871;Kojak_2685;Kojak_1851,P02359,,,false,P0A705,,,false,,116.002,false,true,false,false,4,1,1,Between,0,0,0.008,,0,0,0
715,15;7;9,41;119;132;3,Kojak_3097;Kojak_3096;Kojak_2830;Kojak_2077;Kojak_477;Kojak_793;Kojak_792,P13029,,,false,P37746;P13029,;,;,false,,111.822,false,true,false,false,7,4,3,Self,0,0,0,,0,0,0
602,185,1079;1266,Kojak_2195;Kojak_2609;Kojak_2196;Kojak_2673,P0A7L8,,,false,P0C018,,,false,,111.796,false,true,false,false,4,2,1,Between,0,0,0.008,,0,0,0
14,656;45;704,2594;462;3160,Kojak_1064;Kojak_1044;Kojak_95;Kojak_421,P0A800,,,false,P0A8T7,,,false,,111.22,false,true,false,false,4,3,3,Between,0,0,0.008,,0,0,0
601,706,3894,Kojak_1046,P0A717,,,false,P75960,,,false,,106.4,false,true,false,false,1,1,1,Between,0,0,0.008,,0,0,0
11,703;41,1149;437,Kojak_3496;Kojak_3395;Kojak_575,P64581,,,false,P0ADQ7,,,false,,103.2,false,true,false,false,3,2,2,Between,0,0,0.008,,0,0,0
597,702,3356,Kojak_1068,P0A7R1,,,false,P45577,,,false,,101.6,false,true,false,false,1,1,1,Between,0,0,0.008,,0,0,0
177,246;699,1986;1968,Kojak_3926;Kojak_2724,P0A7L0,,,false,P0ACF4,,,false,,93.721,false,true,false,false,2,2,2,Between,0,0,0.008,,0,0,0
593,698,3464,Kojak_1126,P0A6F5,,,false,P21156,,,false,,86.35,false,true,false,false,1,1,1,Between,0,0,0.008,,0,0,0
713,20;5,209;116,Kojak_1591;Kojak_2980;Kojak_3032,P15723,,,false,P15723;P16682;P0ABD5;P0AB91,;;;,;;;,false,,79.735,false,true,false,false,3,2,2,Self,0,0,0,,0,0,0
12,51;694;42;393,500;2523;243;2165,Kojak_611;Kojak_827;Kojak_178;Kojak_143,P0A8V2,,,false,P0AFF6,,,false,,78.113,false,true,false,false,4,4,4,Between,0,0,0.008,,0,0,0
178,247;268;444;321;691,1260;2080;268;409;988,Kojak_720;Kojak_2263;Kojak_2266;Kojak_594;Kojak_578,P02359,,,false,P0ACF4,,,false,,70.242,false,true,false,false,5,5,5,Between,0,0,0.008,,0,0,0
584,689,3853,Kojak_2346,P0A9Q1,,,false,P0ACF4,,,false,,69.27,false,true,false,false,1,1,1,Between,0,0,0.008,,0,0,0
137,106;688;319,943;1057;3228;2189,Kojak_699;Kojak_2748;Kojak_1550;Kojak_1549;Kojak_1551,P0ACF4,,,false,P0AG67,,,false,,65.547,false,true,false,false,5,4,3,Between,0,0,0.008,,0,0,0
73,150;687;313;403;585;459;119,602;3846;1829;2791;880;394;1117,Kojak_1423;Kojak_855;Kojak_313;Kojak_409;Kojak_1;Kojak_520;Kojak_246,P0AES4,,,false,P0AES6,,,false,,65.533,false,true,false,false,7,7,7,Between,0,0,0.008,,0,0,0
152,482;564;686;350;353;212,470;2007;3845;590;2555;342,Kojak_2282;Kojak_2283;Kojak_3067;Kojak_3121;Kojak_2795;Kojak_1623;Kojak_1047;Kojak_312,P0A7W1,,,false,P02359,,,false,,65.114,false,true,false,false,8,6,6,Between,0,0,0.008,,0,0,0
401,684;491,1703;3251,Kojak_2246;Kojak_3295;Kojak_3352;Kojak_3650,P0A7W7,,,false,P0A7W1,,,false,,61.465,false,true,false,false,4,2,2,Between,0,0,0.008,,0,0,0
726,19,8,Kojak_756;Kojak_2884,P0A8N5;P0A8N3,;,;,false,P0A8N5,,,false,,60.92,false,true,false,false,2,1,1,Self,0,0,0,,0,0,0
578,683,1694,Kojak_1629,P0A7M6,,,false,P0ADZ0,,,false,,59.93,false,true,false,false,1,1,1,Between,0,0,0.008,,0,0,0
25,57;257;427,626;531;1316;2350,Kojak_61;Kojak_1621;Kojak_1651;Kojak_215;Kojak_1616,P75949,,,false,P0A6F5,,,false,,59.372,false,true,false,false,5,4,3,Between,0,0,0.008,,0,0,0
74,120;233;400;681;217;229,1128;1895;2821;3833;1801;1885,Kojak_274;Kojak_1104;Kojak_1016;Kojak_658;Kojak_2;Kojak_277,P0ACF4,,,false,P0A705,,,false,,58.664,false,true,false,false,6,6,6,Between,0,0,0.017,,0,0,0
98,147;355;267;678,1357;2562;2070;1761,Kojak_242;Kojak_253;Kojak_255;Kojak_225;Kojak_224,P39099,,,false,P0C0V0,,,false,,54.877,false,true,false,false,5,4,4,Between,0,0,0.022,,0,0,0
203,274;675,2102;3122,Kojak_214;Kojak_350,P0A6Y8,,,false,P69908,,,false,,50.443,false,true,false,false,2,2,2,Between,0,0,0.022,,0,0,0
119,173;68,1515;1292;716,Kojak_2294;Kojak_4017;Kojak_1070,P0ACF0,,,false,P0ADZ4,,,false,,48.61,false,true,false,false,3,3,2,Between,0,0,0.022,,0,0,0
325,601;408;670,1640;855;718,Kojak_327;Kojak_392;Kojak_2456;Kojak_539;Kojak_305,P0A7V3,,,false,P0A7R5,,,false,,48.51,false,true,false,false,5,3,3,Between,0,0,0.022,,0,0,0
567,672,382,Kojak_1975;Kojak_2084,P0AC41,,,false,P07014,,,false,,48.202,false,true,false,false,2,1,1,Between,0,0,0.022,,0,0,0
564,669,3810,Kojak_1606,P62399,,,false,P0ACF0,,,false,,45.62,false,true,false,false,1,1,1,Between,0,0,0.022,,0,0,0
350,667;435,2085;1070,Kojak_2500;Kojak_806,P0A7R5,,,false,P0AG67,,,false,,44.978,false,true,false,false,2,2,2,Between,0,0,0.022,,0,0,0
563,668,2460,Kojak_1024,Q46868,,,false,P0ADP7,,,false,,44.84,false,true,false,false,1,1,1,Between,0,0,0.022,,0,0,0
31,666;63,3806;644,Kojak_1832;Kojak_1301,P0A705,,,false,P0A6X7,,,false,,44.73,false,true,false,false,2,2,2,Between,0,0,0.022,,0,0,0
150,145;603;210;280;423;40,1418;446;1615;284;1244;1777;713;1680;1539;359,Kojak_701;Kojak_749;Kojak_369;Kojak_16;Kojak_58;Kojak_15;Kojak_301;Kojak_13;Kojak_2011;Kojak_2202;Kojak_1553;Kojak_1506;Kojak_972;Kojak_973;Kojak_174;Kojak_286;Kojak_1025;Kojak_1026;Kojak_1547;Kojak_2154;Kojak_2199,P0A7V3,,,false,P0A7V0,,,false,,43.587,false,true,false,false,21,10,6,Between,0,0,0.022,,0,0,0
557,663,3800,Kojak_2593,P17846,,,false,P38038,,,false,,43.41,false,true,false,false,1,1,1,Between,0,0,0.022,,0,0,0
555,660,3788,Kojak_1856,P60438,,,false,P0A847,,,false,,41.34,false,true,false,false,1,1,1,Between,0,0,0.022,,0,0,0
151,211;659,807;689,Kojak_1375;Kojak_1387;Kojak_2069;Kojak_2919,P0ABD5,,,false,P0A9Q5,,,false,,41.049,false,true,false,false,4,2,2,Between,0,0,0.022,,0,0,0
553,609,1888;3235,Kojak_1528;Kojak_1526;Kojak_3912;Kojak_3913,P60624,,,false,P02413,,,false,,39.997,false,true,false,false,4,2,1,Between,0,0,0.022,,0,0,0
382,524;657;568;472,453;698;226;295,Kojak_1795;Kojak_455;Kojak_1574;Kojak_1524;Kojak_28,P0A9M0,,,false,P02359,,,false,,39.383,false,true,false,false,5,4,4,Between,0,0,0.022,,0,0,0
548,653,1164,Kojak_3884;Kojak_3885,P0A6Y1,,,false,P45552;P0A7U7,;,;,false,,35.641,false,true,false,false,2,1,1,Between,0,0,0.022,,0,0,0
546,650,3767,Kojak_3136,P0ACF4,,,false,P0A7N9,,,false,,33.34,false,true,false,false,1,1,1,Between,0,0,0.022,,0,0,0
3,32;631;514,260;224;1201;1960;2345,Kojak_115;Kojak_1691;Kojak_3527;Kojak_2091;Kojak_1316;Kojak_3432;Kojak_2413;Kojak_3434;Kojak_2809;Kojak_2761,P0AG67,,,false,P0A7R9,,,false,,32.783,false,true,false,false,10,5,3,Between,0,0,0.022,,0,0,0
362,369;269,3659;1976;706;957,Kojak_535;Kojak_3157;Kojak_3158;Kojak_2347;Kojak_208,P0ACF4,,,false,P0A7R1,,,false,,32.753,false,true,false,false,5,4,2,Between,0,0,0.022,,0,0,0
381,471;587;462,892;305;2450;1884,Kojak_3798;Kojak_2122;Kojak_1394;Kojak_951;Kojak_2028;Kojak_1984,P0A7R1,,,false,P0A7M2,,,false,,30.315,false,true,false,false,6,4,3,Between,0,0,0.023,,0,0,0
277,505;352;646,3362;2545;3755,Kojak_1087;Kojak_3925;Kojak_1089,P02359,,,false,P0C018,,,false,,29.603,false,true,false,false,3,3,3,Between,0,0,0.023,,0,0,0
540,644,3239,Kojak_2227;Kojak_2296,P60624,,,false,P60723,,,false,,28.72,false,true,false,false,2,1,1,Between,0,0,0.023,,0,0,0
718,17;12;10,55;24;138,Kojak_2272;Kojak_3151;Kojak_2273;Kojak_80;Kojak_40,P69908;P69910,;,;,false,P69908,,,false,,28.375,false,true,false,false,5,3,3,Self,0,0,0,,0,0,0
535,381,707;770,Kojak_2875;Kojak_1966;Kojak_2614;Kojak_2612;Kojak_2584,P0A7Z4,,,false,P0AFF6,,,false,,26.108,false,true,false,false,5,2,1,Between,0,0,0.023,,0,0,0
82,301;489;129;636,1083;3284;1200;2634,Kojak_318;Kojak_754;Kojak_3095;Kojak_1125;Kojak_737;Kojak_735,P02359,,,false,P0A7R9,,,false,,24.367,false,true,false,false,6,4,4,Between,0,0,0.023,,0,0,0
532,637,3738,Kojak_1340,P02358,,,false,P45577,,,false,,23.86,false,true,false,false,1,1,1,Between,0,0,0.023,,0,0,0
528,401,537;1386;2442,Kojak_3383;Kojak_3338;Kojak_3377;Kojak_597,P0ACF4,,,false,P0ADZ4,,,false,,22.247,false,true,false,false,4,3,1,Between,0,0,0.023,,0,0,0
60,103;627;126;382,1038;1101;3218;839;1743,Kojak_1642;Kojak_1644;Kojak_1643;Kojak_2720;Kojak_3206;Kojak_2307;Kojak_2306,P02358,,,false,P0ACF4,,,false,,21.002,false,true,false,false,7,5,4,Between,0,0,0.023,,0,0,0
522,625,2232,Kojak_2870;Kojak_2871,P0AG63,,,false,P0A6X7,,,false,,19.574,false,true,false,false,2,1,1,Between,0,0,0.023,,0,0,0
294,624;372,3706;1069,Kojak_1202;Kojak_2316;Kojak_2348;Kojak_2315,P0A7L0,,,false,P0A7N9,,,false,,18.777,false,true,false,false,4,2,2,Between,0,0,0.023,,0,0,0
518,621,3702,Kojak_3368,P0AA10,,,false,P62399,,,false,,18.31,false,true,false,false,1,1,1,Between,0,0,0.023,,0,0,0
100,48;467;149,1017;263;641;2917;1389,Kojak_2377;Kojak_629;Kojak_632;Kojak_3371;Kojak_2781,P0A7S3,,,false,P0A705,,,false,,17.652,false,true,false,false,5,5,3,Between,0,0,0.023,,0,0,0
94,141;182;618;329;359,402;1569;3698;1116;784,Kojak_1921;Kojak_2662;Kojak_3892;Kojak_1645;Kojak_3137;Kojak_3085,P0A6Y1,,,false,P62399,,,false,,17.55,false,true,false,false,6,5,5,Between,0,0,0.023,,0,0,0
139,551;208;197;611,2355;513;554;1757,Kojak_220;Kojak_156;Kojak_462;Kojak_213;Kojak_2635;Kojak_1010,P0AD33,,,false,P09373,,,false,,17.431,false,true,false,false,6,4,4,Between,0,0,0.023,,0,0,0
87,166;134;616,542;1238;3691,Kojak_112;Kojak_236;Kojak_32,P0A7V3,,,false,P0AG67,,,false,,17.13,false,true,false,false,3,3,3,Between,0,0,0.023,,0,0,0
511,615,327,Kojak_3345;Kojak_3381,P60422,,,false,P62399,,,false,,16.641,false,true,false,false,2,1,1,Between,0,0,0.023,,0,0,0
510,612,3416,Kojak_2965,ENTRAP_sp|P56589|PEX3_HUMAN,,,false,ENTRAP_sp|Q8N4F7|RN175_HUMAN,,,false,,15.3,false,true,false,false,1,1,1,Between,0,0,0.023,,0,0,0
174,610;242,234;1870,Kojak_3268;Kojak_3083;Kojak_2823;Kojak_289,P0A8T7,,,false,P00579,,,false,,15.276,false,true,false,false,4,2,2,Between,0,0,0.023,,0,0,0
186,607;337;255,2499;2475;2023,Kojak_2356;Kojak_2322;Kojak_230;Kojak_231,P00579,,,false,P0ACF4,,,false,,15.038,false,true,false,false,4,3,3,Between,0,0,0.023,,0,0,0
504,604,684,Kojak_3201,P0A9G6,,,false,P0ACC7,,,false,,14.41,false,true,false,false,1,1,1,Between,0,0,0.023,,0,0,0
502,602,3654,Kojak_2180,P0A7Z4,,,false,P0A800,,,false,,13.81,false,true,false,false,1,1,1,Between,0,0,0.023,,0,0,0
57,357;567;326;99;575,2569;2310;282;1005;272,Kojak_2514;Kojak_2426;Kojak_2387;Kojak_3393;Kojak_2779;Kojak_2778,P0A7U3,,,false,P0A705,,,false,,13.808,false,true,false,false,6,5,5,Between,0,0,0.023,,0,0,0
193,543;263;284;387;518;378;536,3480;2053;2151;240;363;2700;2035,Kojak_3889;Kojak_3187;Kojak_1305;Kojak_779;Kojak_1803;Kojak_3915;Kojak_3880;Kojak_2571,P0A705,,,false,P0A7S9,,,false,,13.215,false,true,false,false,8,7,7,Between,0,0,0.023,,0,0,0
227,395;335;553;300,237;575;2470;913;1444,Kojak_3120;Kojak_2254;Kojak_322;Kojak_321;Kojak_1119;Kojak_35;Kojak_423,P02359,,,false,P67910,,,false,,13.117,false,true,false,false,7,5,4,Between,0,0,0.023,,0,0,0
274,349;595,2518;3640,Kojak_1018;Kojak_592,P0ACF4,,,false,P0A7K6,,,false,,11.956,false,true,false,false,2,2,2,Between,0,0,0.023,,0,0,0
495,528,3575;2176,Kojak_819;Kojak_3587,P08839,,,false,P0A8M6,,,false,,11.85,false,true,false,false,2,2,1,Between,0,0,0.023,,0,0,0
29,61;593,643;3637,Kojak_169;Kojak_3592,P21156,,,false,P23845,,,false,,11.48,false,true,false,false,2,2,2,Between,0,0,0.023,,0,0,0
387,478;581,3217;340,Kojak_2637;Kojak_3417;Kojak_3416,P0A707,,,false,P0A7U3,,,false,,11.291,false,true,false,false,3,2,2,Between,0,0,0.023,,0,0,0
490,590,1824,Kojak_3320,P0A9G6,,,false,P0A6B7,,,false,,11.16,false,true,false,false,1,1,1,Between,0,0,0.023,,0,0,0
489,589,2445,Kojak_3801,P0A6Y1,,,false,P0A7J7,,,false,,11.04,false,true,false,false,1,1,1,Between,0,0,0.023,,0,0,0
486,586,3625,Kojak_2257,P0A7V8,,,false,P0ACF4,,,false,,10.73,false,true,false,false,1,1,1,Between,0,0,0.023,,0,0,0
484,582,3616,Kojak_3103,P02359,,,false,P0A7V0,,,false,,10.45,false,true,false,false,1,1,1,Between,0,0,0.023,,0,0,0
480,578,580,Kojak_3408;Kojak_2439,P24255,,,false,P0A8V2,,,false,,9.892,false,true,false,false,2,1,1,Between,0,0,0.023,,0,0,0
475,574,876,Kojak_4006;Kojak_3308,P36879,,,false,P21179,,,false,,9.734,false,true,false,false,2,1,1,Between,0,0,0.023,,0,0,0
473,572,3594,Kojak_604,P02359,,,false,P0A7L3,,,false,,9.632,false,true,false,false,1,1,1,Between,0,0,0.023,,0,0,0
471,569,223,Kojak_1863,P0A7U3,,,false,P0A7S9,,,false,,9.508,false,true,false,false,1,1,1,Between,0,0,0.023,,0,0,0
15,46;198;78;561;287;333,476;1218;1049;800;1360;1514;1499,Kojak_647;Kojak_237;Kojak_650;Kojak_2382;Kojak_3373;Kojak_2376;Kojak_1090,P0ACF4,,,false,P60422,,,false,,9.338,false,true,false,false,7,7,6,Between,0,0,0.023,,0,0,0
464,558,2311,Kojak_2723,P0ADY7,,,false,P68919,,,false,,8.974,false,true,false,false,1,1,1,Between,0,0,0.023,,0,0,0
460,555,3542,Kojak_817,P0AGJ5,,,false,P62399,,,false,,8.667,false,true,false,false,1,1,1,Between,0,0,0.023,,0,0,0
459,554,3536,Kojak_3936,P0A7N4,,,false,P61175,,,false,,8.573,false,true,false,false,1,1,1,Between,0,0,0.023,,0,0,0
454,549,3350,Kojak_2989,P0A8V2,,,false,P00579,,,false,,8.172,false,true,false,false,1,1,1,Between,0,0,0.023,,0,0,0
452,547,3384,Kojak_2125,P0A8N3,,,false,P0A8N5,,,false,,8.115,false,true,false,false,1,1,1,Between,0,0,0.023,,0,0,0
719,11,0,Kojak_2383;Kojak_1668;Kojak_1669,P0CE48;P0CE47,;,;,false,P0CE47,,,false,,7.813,false,true,false,false,3,1,1,Self,0,0,0,,0,0,0
446,540,1287,Kojak_802;Kojak_803,P0ADN2,,,false,P0A8V2,,,false,,7.591,false,true,false,false,2,1,1,Between,0,0,0.023,,0,0,0
38,73;537,761;2229,Kojak_1112;Kojak_2380;Kojak_2379,P0A9G6,,,false,P0ACF4,,,false,,7.492,false,true,false,false,3,2,2,Between,0,0,0.023,,0,0,0
441,535,3460,Kojak_3897,P0A9P0,,,false,P0ACG1,,,false,,7.475,false,true,false,false,1,1,1,Between,0,0,0.023,,0,0,0
437,531,3226,Kojak_401,P45577,,,false,P0A7S3,,,false,,7.301,false,true,false,false,1,1,1,Between,0,0,0.023,,0,0,0
215,288;527,2173;3413,Kojak_3887;Kojak_1071,P02359,,,false,P0ACF0,,,false,,7.273,false,true,false,false,2,2,2,Between,0,0,0.023,,0,0,0
435,529,248,Kojak_852;Kojak_875,P21338,,,false,P0AG59,,,false,,7.255,false,true,false,false,2,1,1,Between,0,0,0.023,,0,0,0
81,128;522,536;2813,Kojak_2611;Kojak_1960,P0ADG7,,,false,P60560,,,false,,7.069,false,true,false,false,2,2,2,Between,0,0,0.023,,0,0,0
53,521;91,951;819,Kojak_1045;Kojak_31,P02359,,,false,P0A7T7,,,false,,7.01,false,true,false,false,2,2,2,Between,0,0,0.023,,0,0,0
427,402,653;2508,Kojak_2130;Kojak_3722,P0AG59,,,false,P0A7U3,,,false,,7.005,false,true,false,false,2,2,1,Between,0,0,0.023,,0,0,0
426,520,2596,Kojak_824;Kojak_823,P0A9Q1,,,false,P0AG44,,,false,,6.994,false,true,false,false,2,1,1,Between,0,0,0.023,,0,0,0
425,519,3407,Kojak_787,P0AG67,,,false,P0A7X3,,,false,,6.987,false,true,false,false,1,1,1,Between,0,0,0.023,,0,0,0
420,515,888,Kojak_2278,P0A9F3,,,false,P0AG59,,,false,,6.806,false,true,false,false,1,1,1,Between,0,0,0.023,,0,0,0
418,512,757,Kojak_3191,P0A7S3,,,false,P0ACF0,,,false,,6.716,false,true,false,false,1,1,1,Between,0,0,0.023,,0,0,0
416,510,3383,Kojak_176,P68191,,,false,P00490,,,false,,6.65,false,true,false,false,1,1,1,Between,0,0,0.023,,0,0,0
411,503,3342,Kojak_2665,P0A8X0,,,false,P0ACF4,,,false,,6.231,false,true,false,false,1,1,1,Between,0,0,0.023,,0,0,0
409,500,1830,Kojak_918,ENTRAP_sp|P10145|IL8_HUMAN,,,false,ENTRAP_sp|Q07108|CD69_HUMAN,,,false,,6.083,false,true,false,false,1,1,1,Between,0,0,0.023,,0,0,0
407,498,376,Kojak_1173,decoy:sp|P37657|BCSE_ECOLI,decoy:,decoy:,true,P64572,,,false,,5.876,true,false,true,false,1,1,1,Between,0,0.004,0.023,,0,0,0
403,493,2501,Kojak_1247,P0A705,,,false,P0A7V8,,,false,,5.663,false,true,false,false,1,1,1,Between,0,0,0.023,,0,0,0
402,492,2457,Kojak_2009;Kojak_1962;Kojak_2008,P0A7V0,,,false,P76053,,,false,,5.516,false,true,false,false,3,1,1,Between,0,0.001,0.023,,0,0,0
124,179;71,1545;2144;729,Kojak_3133;Kojak_822;Kojak_3497,P0AG59,,,false,P0A705,,,false,,5.49,false,true,false,false,3,3,2,Between,0,0.001,0.023,,0,0,0
397,487,329,Kojak_362,P0A6X7,,,false,P0AG59,,,false,,5.413,false,true,false,false,1,1,1,Between,0,0.001,0.023,,0,0,0
395,485,3252,Kojak_3255,P0A7U3,,,false,P0AG67,,,false,,5.125,false,true,false,false,1,1,1,Between,0,0.002,0.023,,0,0,0
393,483,1173,Kojak_1019;Kojak_672,P30128,,,false,P0A8T7,,,false,,5.023,false,true,false,false,2,1,1,Between,0,0.002,0.023,,0,0,0.001
169,200;451;311;235,2741;1709;2001;2303;1908,Kojak_2231;Kojak_270;Kojak_484;Kojak_776;Kojak_1111,P0ADQ7,,,false,P0AEH5,,,false,,4.897,false,true,false,false,5,5,4,Between,0,0.002,0.023,,0,0,0
716,8,165,Kojak_2716,P0A6H5,,,false,P0A6H5;P0AE45,;,;,false,,4.891,false,true,false,false,1,1,1,Self,0,0,0,,0,0,0
72,399;384;117;411;398,2221;2468;1112;1358;2808,Kojak_591;Kojak_148;Kojak_1445;Kojak_1086;Kojak_3329,P07395,,,false,P08312,,,false,,4.879,false,true,false,false,5,5,5,Between,0,0.002,0.023,,0.002,0.002,0.001
391,481,2517,Kojak_1646,P39406,,,false,P0A7U3,,,false,,4.854,false,true,false,false,1,1,1,Between,0,0.002,0.023,,0,0,0
389,286,3206;1365,Kojak_1858;Kojak_1919,P60624,,,false,P60422,,,false,,4.832,false,true,false,false,2,2,1,Between,0,0.002,0.023,,0,0,0
385,476,2308,Kojak_2298,P0A7J7,,,false,P0ACF4,,,false,,4.78,false,true,false,false,1,1,1,Between,0,0.002,0.023,,0,0,0
384,474,589,Kojak_351,P0A7R5,,,false,P0A705,,,false,,4.731,false,true,false,false,1,1,1,Between,0,0.002,0.023,,0,0,0
383,473,331,Kojak_1530;Kojak_1233,P39199,,,false,P21645,,,false,,4.729,false,true,false,false,2,1,1,Between,0,0.002,0.023,,0,0,0
380,469,3189,Kojak_3354,P0A8T7,,,false,P0ACF0,,,false,,4.664,false,true,false,false,1,1,1,Between,0,0.002,0.023,,0,0,0
279,354;455,2558;2907,Kojak_549;Kojak_266,P0A910,,,false,P69776,,,false,,4.594,false,true,false,false,2,2,2,Between,0,0.003,0.023,,0,0,0
376,464,3178,Kojak_416,P21507,,,false,P0A7V3,,,false,,4.566,false,true,false,false,1,1,1,Between,0,0.003,0.023,,0,0,0
375,463,3173,Kojak_3894,P0A8N3,,,false,P0A9G6,,,false,,4.533,false,true,false,false,1,1,1,Between,0,0.003,0.023,,0,0,0
367,454,2789,Kojak_1518,P0A7R1,,,false,P21499,,,false,,4.292,false,true,false,false,1,1,1,Between,0,0.003,0.023,,0,0,0
368,453,3139,Kojak_781,P0A707,,,false,P0A7X3,,,false,,4.292,false,true,false,false,1,1,1,Between,0,0.003,0.023,,0,0,0
366,452,505,Kojak_234,P68191,,,false,P0ACF4,,,false,,4.252,false,true,false,false,1,1,1,Between,0,0.003,0.023,,0,0,0
363,449,2493,Kojak_3813;Kojak_3812,P0AGL7,,,false,P0A7S9,,,false,,4.203,false,true,false,false,2,1,1,Between,0,0.003,0.023,,0,0,0.001
361,447,2939,Kojak_622,P45577,,,false,P0AG59,,,false,,4.141,false,true,false,false,1,1,1,Between,0,0.004,0.023,,0,0,0
360,446,332,Kojak_4021;Kojak_3327;Kojak_4048,P27302,,,false,P33570,,,false,,4.124,false,true,false,false,3,1,1,Between,0,0.004,0.023,,0,0,0.001
357,443,3103,Kojak_3082,P69908;P69910,;,;,false,P0ABH7,,,false,,4.015,false,true,false,false,1,1,1,Between,0,0.004,0.023,,0,0,0
356,442,3096,Kojak_2333,decoy:sp|P07330|CHEB_ECOLI,decoy:,decoy:,true,P0A7R1,,,false,,3.956,true,false,true,false,1,1,1,Between,0.004,0.003,0.023,,0.002,0.002,0.001
180,249;220,1742;3073;1823,Kojak_187;Kojak_521;Kojak_2261,P0A7U7,,,false,P0ACF4,,,false,,3.827,false,true,false,false,3,3,2,Between,0.004,0.004,0.023,,0.002,0.002,0.001
352,437,2921,Kojak_2166,Q57261,,,false,P62399,,,false,,3.815,false,true,false,false,1,1,1,Between,0.004,0.004,0.023,,0.002,0.002,0.001
346,430,3020,Kojak_888,P0AGJ5,,,false,P0ADZ4,,,false,,3.429,false,true,false,false,1,1,1,Between,0.004,0.004,0.024,,0.002,0.002,0.001
345,429,3019,Kojak_3391,P77718,,,false,P0A7J7,,,false,,3.428,false,true,false,false,1,1,1,Between,0.004,0.004,0.024,,0.002,0.002,0.001
341,424,2995,Kojak_771,P60723,,,false,P45552;P0A7U7,;,;,false,,3.318,false,true,false,false,1,1,1,Between,0.004,0.005,0.024,,0.002,0.002,0.001
338,421,2135,Kojak_601;Kojak_600,P0A8V2,,,false,P60422,,,false,,3.204,false,true,false,false,2,1,1,Between,0.004,0.005,0.024,,0.002,0.002,0.001
337,420,1047,Kojak_4008,P0ACF4,,,false,P0A7S9,,,false,,3.171,false,true,false,false,1,1,1,Between,0.004,0.005,0.024,,0.002,0.002,0.001
336,419,2951,Kojak_1105,P0ACF4,,,false,P42641,,,false,,3.095,false,true,false,false,1,1,1,Between,0.004,0.005,0.024,,0.002,0.002,0.001
335,418,2945,Kojak_516,P0ACF4,,,false,P0AG63,,,false,,3.075,false,true,false,false,1,1,1,Between,0.004,0.005,0.024,,0.002,0.002,0.001
333,416,2607,Kojak_2167,P0A7N4,,,false,P0ACF4,,,false,,3.005,false,true,false,false,1,1,1,Between,0.004,0.005,0.024,,0.002,0.002,0.001
332,415,2483,Kojak_524,P0A6X7,,,false,P0C018,,,false,,2.997,false,true,false,false,1,1,1,Between,0.004,0.005,0.024,,0.002,0.002,0.001
330,413,2437,Kojak_2243;Kojak_2284,P02359,,,false,P21499,,,false,,2.832,false,true,false,false,2,1,1,Between,0.004,0.005,0.024,,0.002,0.002,0.001
326,409,1108,Kojak_1839,P69910,,,false,P69908,,,false,,2.697,false,true,false,false,1,1,1,Between,0.004,0.005,0.024,,0.002,0.002,0.001
121,407;175,869;1531,Kojak_2793;Kojak_2794;Kojak_2152,P0A6Y1,,,false,P0AG59,,,false,,2.606,false,true,false,false,3,2,2,Between,0.004,0.005,0.024,,0.002,0.002,0.001
315,394,2374,Kojak_1065,P0A707,,,false,P0A7L0,,,false,,2.306,false,true,false,false,1,1,1,Between,0.004,0.006,0.024,,0.002,0.002,0.001
313,392,1332,Kojak_232,P0AFR4,,,false,P0A6F5,,,false,,2.281,false,true,false,false,1,1,1,Between,0.004,0.006,0.024,,0.002,0.002,0.001
312,391,1595,Kojak_2151;Kojak_2197,P0A9F3,,,false,P0A7S3,,,false,,2.223,false,true,false,false,2,1,1,Between,0.004,0.006,0.024,,0.002,0.002,0.001
311,390,2381,Kojak_3937,P0ADG7,,,false,P62399,,,false,,2.192,false,true,false,false,1,1,1,Between,0.004,0.006,0.024,,0.002,0.002,0.001
309,388,1028,Kojak_3047;Kojak_3046,P0AFW2,,,false,P02359,,,false,,2.181,false,true,false,false,2,1,1,Between,0.004,0.006,0.024,,0.002,0.002,0.001
303,67,2716;711,Kojak_769;Kojak_192,P0A7T7,,,false,P0ACF4,,,false,,2.061,false,true,false,false,2,2,1,Between,0.004,0.006,0.024,,0.002,0.002,0.001
302,379,2705,Kojak_571,P0A832,,,false,P68679,,,false,,2.032,false,true,false,false,1,1,1,Between,0.004,0.006,0.024,,0.002,0.002,0.001
300,377,2692,Kojak_285,P0A6X7,,,false,P68679,,,false,,2.003,false,true,false,false,1,1,1,Between,0.004,0.006,0.024,,0.002,0.002,0.001
299,376,2678,Kojak_865,P09831,,,false,P69908;P69910,;,;,false,,1.944,false,true,false,false,1,1,1,Between,0.004,0.006,0.024,,0.002,0.002,0.001
298,375,2673,Kojak_1190,P0A7K2,,,false,ENTRAP_sp|Q8NDV2|GPR26_HUMAN,,,false,,1.927,false,true,false,false,1,1,1,Between,0.004,0.006,0.024,,0.002,0.002,0.001
293,371,2660,Kojak_3100,P02359,,,false,P0AEU7,,,false,,1.888,false,true,false,false,1,1,1,Between,0.004,0.006,0.024,,0.002,0.002,0.001
292,368,2207,Kojak_152,P0AGB3,,,false,P0A8V2,,,false,,1.864,false,true,false,false,1,1,1,Between,0.004,0.006,0.024,,0.002,0.002,0.001
289,364,277,Kojak_1041,P31979,,,false,P33602,,,false,,1.774,false,true,false,false,1,1,1,Between,0.004,0.006,0.024,,0.002,0.002,0.001
288,363,2611,Kojak_656,P0AFF6,,,false,P0A8T7,,,false,,1.751,false,true,false,false,1,1,1,Between,0.004,0.006,0.024,,0.002,0.002,0.001
224,297;340,2011;2484,Kojak_1649;Kojak_642,P69222,,,false,P0A705,,,false,,1.739,false,true,false,false,2,2,2,Between,0.004,0.006,0.024,,0.002,0.002,0.001
273,348,2513,Kojak_1602,P0ACF0,,,false,P10408,,,false,,1.507,false,true,false,false,1,1,1,Between,0.004,0.006,0.024,,0.002,0.002,0.001
272,347,1744,Kojak_2984,P0AEU7,,,false,P0A7S3,,,false,,1.502,false,true,false,false,1,1,1,Between,0.004,0.006,0.024,,0.002,0.002,0.001
271,346,2509,Kojak_2262,P02358,,,false,P0C018,,,false,,1.5,false,true,false,false,1,1,1,Between,0.004,0.006,0.024,,0.002,0.002,0.001
270,345,2503,Kojak_1081,P60422,,,false,P0A7K2,,,false,,1.482,false,true,false,false,1,1,1,Between,0.004,0.007,0.024,,0.002,0.002,0.001
269,344,2497,Kojak_2162,P0A7N4,,,false,P0A7K2,,,false,,1.474,false,true,false,false,1,1,1,Between,0.004,0.007,0.024,,0.002,0.002,0.001
259,334,2455,Kojak_1665,ENTRAP_sp|Q504T8|MIDN_HUMAN,,,false,P60560,,,false,,1.386,false,true,false,false,1,1,1,Between,0.004,0.007,0.024,,0.002,0.002,0.001
257,332,738,Kojak_1164,P0A7R9,,,false,P68679,,,false,,1.353,false,true,false,false,1,1,1,Between,0.004,0.007,0.024,,0.002,0.002,0.001
256,331,1030,Kojak_206,P0AGG8,,,false,P0AFK0,,,false,,1.348,false,true,false,false,1,1,1,Between,0.004,0.007,0.024,,0.002,0.002,0.001
80,100;330,587;624;2424,Kojak_640;Kojak_3280;Kojak_3344;Kojak_1091,P0ACF4,,,false,P0AG59,,,false,,1.335,false,true,false,false,4,3,2,Between,0.004,0.007,0.024,,0.002,0.002,0.001
253,327,2416,Kojak_960,P0ACF0,,,false,P0AG63,,,false,,1.321,false,true,false,false,1,1,1,Between,0.004,0.007,0.024,,0.002,0.002,0.001
247,320,2372,Kojak_1930,ENTRAP_sp|Q92562|FIG4_HUMAN,,,false,P76551,,,false,,1.223,false,true,false,false,1,1,1,Between,0.004,0.007,0.024,,0.002,0.002,0.001
245,318,1930,Kojak_2692;Kojak_2657,P02359,,,false,P76053,,,false,,1.184,false,true,false,false,2,1,1,Between,0.004,0.007,0.024,,0.002,0.002,0.001
241,314,2348,Kojak_1106,P02358,,,false,P0ADZ4,,,false,,1.161,false,true,false,false,1,1,1,Between,0.004,0.007,0.024,,0.002,0.002,0.001
237,165,2072;1478,Kojak_3372;Kojak_3330;Kojak_615,P0ACF4,,,false,P62399,,,false,,1.084,false,true,false,false,3,2,1,Between,0.004,0.007,0.024,,0.002,0.002,0.001
236,309,2293,Kojak_550,P0A6X7,,,false,P0A7V3,,,false,,1.06,false,true,false,false,1,1,1,Between,0.004,0.007,0.024,,0.002,0.002,0.001
235,308,2288,Kojak_1174,P0A6R3,,,false,P62399,,,false,,1.052,false,true,false,false,1,1,1,Between,0.004,0.007,0.024,,0.002,0.002,0.001
230,303,2260,Kojak_2378,P0ACF4,,,false,P0AA10,,,false,,1.021,false,true,false,false,1,1,1,Between,0.004,0.007,0.024,,0.002,0.002,0.001
229,302,1295,Kojak_999,P00960,,,false,P00961,,,false,,1.015,false,true,false,false,1,1,1,Between,0.004,0.007,0.024,,0.002,0.002,0.001
225,298,1856,Kojak_3263,P0A7S3,,,false,P0A8W0,,,false,,0.962,false,true,false,false,1,1,1,Between,0.004,0.007,0.024,,0.002,0.002,0.001
223,98,2149;997,Kojak_557;Kojak_2270,P0ACF4,,,false,P68679,,,false,,0.952,false,true,false,false,2,2,1,Between,0.004,0.007,0.024,,0.002,0.002,0.001
130,292;188,2204;1632,Kojak_1578;Kojak_1231,P0AG67,,,false,P02358,,,false,,0.855,false,true,false,false,2,2,2,Between,0.004,0.007,0.024,,0.002,0.002,0.001
117,293;171,383;1509,Kojak_1631;Kojak_3128,P0A7R1,,,false,P0A7K2,,,false,,0.851,false,true,false,false,2,2,2,Between,0.004,0.007,0.024,,0.002,0.002,0.001
217,289,2184,Kojak_3893,P0ACF0,,,false,P0A7R1,,,false,,0.8,false,true,false,false,1,1,1,Between,0.004,0.007,0.024,,0.002,0.002,0.001
216,96,2142;1952;987,Kojak_1620;Kojak_34;Kojak_2292,P64476,,,false,P67910,,,false,,0.773,false,true,false,false,3,3,1,Between,0.004,0.007,0.024,,0.002,0.002,0.001
204,275,2107,Kojak_1175,P0ADY3,,,false,P60422,,,false,,0.595,false,true,false,false,1,1,1,Between,0.004,0.007,0.024,,0.002,0.002,0.001
199,270,1862,Kojak_205,P0A8T7,,,false,P0A8E5,,,false,,0.575,false,true,false,false,1,1,1,Between,0.004,0.007,0.024,,0.002,0.002,0.001
196,266,2068,Kojak_2702,ENTRAP_sp|Q9UL18|AGO1_HUMAN,,,false,decoy:sp|P22256|GABT_ECOLI,decoy:,decoy:,true,,0.537,true,false,true,false,1,1,1,Between,0.007,0.009,0.024,,0.004,0.003,0.001
195,265,1487,Kojak_3863,P0A7U3,,,false,P0A6Y1,,,false,,0.518,false,true,false,false,1,1,1,Between,0.007,0.008,0.024,,0.004,0.003,0.001
194,264,1779,Kojak_1020,P0ACF4,,,false,P0A8M6,,,false,,0.514,false,true,false,false,1,1,1,Between,0.007,0.008,0.024,,0.004,0.003,0.001
191,262,2045,Kojak_1540,P0A7V3,,,false,P45552;P0A7U7,;,;,false,,0.502,false,true,false,false,1,1,1,Between,0.007,0.008,0.024,,0.004,0.003,0.001
189,260,564,Kojak_1138;Kojak_1139,P0ACF4,,,false,P45552;P0A7U7,;,;,false,,0.489,false,true,false,false,2,1,1,Between,0.007,0.008,0.024,,0.004,0.003,0.001
187,258,2038,Kojak_1640,ENTRAP_sp|O15455|TLR3_HUMAN,,,false,P37648,,,false,,0.487,false,true,false,false,1,1,1,Between,0.007,0.008,0.024,,0.004,0.003,0.001
184,253,399,Kojak_854;Kojak_1333,P0ABS1,,,false,P0A8T7,,,false,,0.459,false,true,false,false,2,1,1,Between,0.007,0.008,0.024,,0.004,0.003,0.001
182,251,1764,Kojak_586,P02359,,,false,P0A832,,,false,,0.451,false,true,false,false,1,1,1,Between,0.007,0.008,0.024,,0.004,0.003,0.001
144,204;243,1730;788,Kojak_1586;Kojak_2357,P0A7Z4,,,false,P0ACF4,,,false,,0.435,false,true,false,false,2,2,2,Between,0.007,0.008,0.024,,0.004,0.003,0.001
176,245,1981,Kojak_252,P0A6F5,,,false,P29012,,,false,,0.407,false,true,false,false,1,1,1,Between,0.007,0.008,0.024,,0.004,0.003,0.001
172,240,610,Kojak_127;Kojak_20,P0AD33,,,false,P68066,,,false,,0.379,false,true,false,false,2,1,1,Between,0.007,0.009,0.024,,0.004,0.003,0.001
165,231,1239,Kojak_3639;Kojak_3709,P0A6P1,,,false,P0CE48;P0CE47,;,;,false,,0.313,false,true,false,false,2,1,1,Between,0.007,0.009,0.024,,0.004,0.003,0.001
163,228,1879,Kojak_1799,P0A6B7,,,false,P0A8F0,,,false,,0.302,false,true,false,false,1,1,1,Between,0.007,0.009,0.024,,0.004,0.003,0.001
159,222,1837,Kojak_1021,P24255,,,false,P0A7Z4,,,false,,0.266,false,true,false,false,1,1,1,Between,0.007,0.01,0.024,,0.004,0.003,0.001
158,219,1821,Kojak_288,P0AG16,,,false,decoy:sp|P76090|YNBA_ECOLI,decoy:,decoy:,true,,0.253,true,false,true,false,1,1,1,Between,0.01,0.01,0.024,,0.004,0.004,0.001
153,213,1560,Kojak_941,P05719,,,false,P08957,,,false,,0.221,false,true,false,false,1,1,1,Between,0.01,0.01,0.024,,0.004,0.004,0.001
136,195,1165,Kojak_3825;Kojak_3864;Kojak_3826,P0A9I8,,,false,P08201,,,false,,0.163,false,true,false,false,3,1,1,Between,0.01,0.011,0.024,,0.004,0.004,0.001
134,192,1665,Kojak_3455,P0A8U2,,,false,P0A6F5,,,false,,0.154,false,true,false,false,1,1,1,Between,0.01,0.011,0.024,,0.004,0.004,0.001
132,190,783,Kojak_3402,P0AFG8,,,false,P0A9P0,,,false,,0.144,false,true,false,false,1,1,1,Between,0.01,0.011,0.024,,0.004,0.004,0.001
24,189;56,1407;613,Kojak_2651;Kojak_1836;Kojak_226,P0A7L0,,,false,P45577,,,false,,0.142,false,true,false,false,3,2,2,Between,0.01,0.011,0.024,,0.004,0.004,0.001
102,108;151,1520;548;721,Kojak_180;Kojak_2344;Kojak_2660;Kojak_2658;Kojak_2677,P68191,,,false,P0A7T3,,,false,,0.113,false,true,false,false,5,3,2,Between,0.01,0.011,0.024,,0.004,0.004,0.001
125,180,1553,Kojak_2236,P0A6Y1,,,false,P60422,,,false,,0.107,false,true,false,false,1,1,1,Between,0.01,0.012,0.024,,0.004,0.004,0.001
123,178,1541,Kojak_1300,P0AG67,,,false,P0C018,,,false,,0.101,false,true,false,false,1,1,1,Between,0.01,0.012,0.024,,0.004,0.004,0.001
116,170,1199,Kojak_746,P0A7T3,,,false,P02413,,,false,,0.091,false,true,false,false,1,1,1,Between,0.01,0.012,0.024,,0.004,0.004,0.001
112,163,1320,Kojak_2198;Kojak_2153,P0A7V0,,,false,ENTRAP_sp|Q6AI08|HEAT6_HUMAN,,,false,,0.079,false,true,false,false,2,1,1,Between,0.01,0.012,0.024,,0.004,0.004,0.001
106,156,1422,Kojak_577,P39099,,,false,P0A790,,,false,,0.068,false,true,false,false,1,1,1,Between,0.01,0.012,0.024,,0.004,0.004,0.001
105,155,1420,Kojak_3210,P60422,,,false,P0ACF0,,,false,,0.068,false,true,false,false,1,1,1,Between,0.01,0.012,0.024,,0.004,0.004,0.001
99,148,808,Kojak_3859,P21507,,,false,P60624,,,false,,0.058,false,true,false,false,1,1,1,Between,0.01,0.012,0.024,,0.004,0.004,0.001
96,143,1044,Kojak_264,P0A7J7,,,false,P0A7J3,,,false,,0.044,false,true,false,false,1,1,1,Between,0.01,0.012,0.024,,0.004,0.004,0.001
95,142,1309,Kojak_998,P0A6F5,,,false,P77737,,,false,,0.044,false,true,false,false,1,1,1,Between,0.01,0.012,0.024,,0.004,0.004,0.001
37,139;72,1281;733,Kojak_1622;Kojak_602,P0A9D4,,,false,P0ABK5,,,false,,0.04,false,true,false,false,2,2,2,Between,0.01,0.012,0.024,,0.004,0.004,0.001
91,138,283,Kojak_3979;Kojak_3978,P0A9P0,,,false,P0AFG3,,,false,,0.038,false,true,false,false,2,1,1,Between,0.01,0.012,0.024,,0.004,0.004,0.001
90,137,1249,Kojak_2260,P0A887,,,false,P0ADP7,,,false,,0.036,false,true,false,false,1,1,1,Between,0.01,0.012,0.024,,0.004,0.004,0.001
83,130,1205,Kojak_1109,P0ACF4,,,false,P69913,,,false,,0.031,false,true,false,false,1,1,1,Between,0.01,0.013,0.024,,0.004,0.004,0.001
45,82;123,883;1146,Kojak_897;Kojak_269,P06959,,,false,P0AFG8,,,false,,0.025,false,true,false,false,2,2,2,Between,0.01,0.013,0.024,,0.004,0.004,0.001
59,102;114,1032;1104,Kojak_2267;Kojak_2238,P02359,,,false,P02358,,,false,,0.024,false,true,false,false,2,2,2,Between,0.01,0.013,0.024,,0.004,0.004,0.001
71,116,482,Kojak_2838,P0AG67,,,false,P0A7G2,,,false,,0.02,false,true,false,false,1,1,1,Between,0.01,0.013,0.024,,0.004,0.004,0.001
70,115,586,Kojak_3312,P0AFG0,,,false,P0A8T7,,,false,,0.02,false,true,false,false,1,1,1,Between,0.01,0.013,0.024,,0.004,0.004,0.001
67,112,1006,Kojak_1459,P21889,,,false,ENTRAP_sp|P33778|H2B1B_HUMAN,,,false,,0.019,false,true,false,false,1,1,1,Between,0.01,0.013,0.024,,0.004,0.004,0.001
54,92,950,Kojak_117,P02359,,,false,P0A7R5,,,false,,0.01,false,true,false,false,1,1,1,Between,0.01,0.013,0.024,,0.004,0.004,0.001
51,89,658,Kojak_2671,P0A9P0,,,false,P0A6B7,,,false,,0.01,false,true,false,false,1,1,1,Between,0.01,0.013,0.024,,0.004,0.004,0.001
50,87,912,Kojak_3080,P0AF36,,,false,P0ACF0,,,false,,0.009,false,true,false,false,1,1,1,Between,0.01,0.013,0.024,,0.004,0.004,0.001
48,85,900,Kojak_2415,P0A6E6,,,false,P0ABA6,,,false,,0.008,false,true,false,false,1,1,1,Between,0.01,0.013,0.024,,0.004,0.004,0.001
44,81,872,Kojak_1605,P0AG67,,,false,P0ACF0,,,false,,0.007,false,true,false,false,1,1,1,Between,0.01,0.013,0.024,,0.004,0.004,0.001
43,80,871,Kojak_3886,P23830,,,false,P0A7S3,,,false,,0.007,false,true,false,false,1,1,1,Between,0.01,0.013,0.024,,0.004,0.004,0.001
42,79,864,Kojak_584,P0AEU7,,,false,P60422,,,false,,0.007,false,true,false,false,1,1,1,Between,0.01,0.013,0.024,,0.004,0.004,0.001
39,75,782,Kojak_2052,P0A988,,,false,P69931,,,false,,0.005,false,true,false,false,1,1,1,Between,0.01,0.013,0.024,,0.004,0.004,0.001
18,50;70,532;625,Kojak_82;Kojak_708,P0A7T7,,,false,P0AG67,,,false,,0.004,false,true,false,false,2,2,2,Between,0.01,0.013,0.024,,0.004,0.004,0.001
35,69,719,Kojak_3694,P0AG67,,,false,P0AEU7,,,false,,0.003,false,true,false,false,1,1,1,Between,0.01,0.013,0.024,,0.004,0.004,0.001
33,65,700,Kojak_3903,P0A7W7,,,false,P0A7V0,,,false,,0.003,false,true,false,false,1,1,1,Between,0.01,0.013,0.024,,0.004,0.004,0.001
32,64,677,Kojak_593,P0ACF4,,,false,P69797,,,false,,0.003,false,true,false,false,1,1,1,Between,0.01,0.013,0.024,,0.004,0.004,0.001
28,60,312,Kojak_377,P0A8V2,,,false,P0AG59,,,false,,0.002,false,true,false,false,1,1,1,Between,0.01,0.013,0.024,,0.004,0.004,0.001
26,58,630,Kojak_2187,P02358,,,false,P0A7S3,,,false,,0.002,false,true,false,false,1,1,1,Between,0.01,0.013,0.024,,0.004,0.004,0.001
21,53,585,Kojak_3064,P68919,,,false,P0A7K2,,,false,,0.001,false,true,false,false,1,1,1,Between,0.01,0.013,0.024,,0.004,0.004,0.001
20,52,563,Kojak_147,P69908;P69910,;,;,false,P0A6Y8,,,false,,0.001,false,true,false,false,1,1,1,Between,0.01,0.013,0.024,,0.004,0.004,0.001
17,49,511,Kojak_2001,P0A7V0,,,false,P69913,,,false,,0.001,false,true,false,false,1,1,1,Between,0.01,0.013,0.024,,0.004,0.004,0.001
9,38,360,Kojak_1584,P0A786,,,false,P69908;P69910,;,;,false,,0,false,true,false,false,1,1,1,Between,0.01,0.013,0.024,,0.004,0.004,0.001
709,0,2,Kojak_1653,P15042,,,false,P15042;P63204,;,;,false,,0,false,true,false,false,1,1,1,Self,0,0,0,,0,0,0
2,31,244,Kojak_3081,P0ADZ0,,,false,P0AG59,,,false,,0,false,true,false,false,1,1,1,Between,0.01,0.013,0.024,,0.004,0.004,0.001
1,30,233,Kojak_1541,decoy:sp|P46119|YBJC_ECOLI,decoy:,decoy:,true,P0A705,,,false,,0,true,false,true,false,1,1,1,Between,0.013,0.013,0.024,,0.006,0.005,0.001
